gbifID	datasetKey	occurrenceID	kingdom	phylum	class	order	family	genus	species	infraspecificEpithet	taxonRank	scientificName	verbatimScientificName	verbatimScientificNameAuthorship	countryCode	locality	stateProvince	occurrenceStatus	individualCount	publishingOrgKey	decimalLatitude	decimalLongitude	coordinateUncertaintyInMeters	coordinatePrecision	elevation	elevationAccuracy	depth	depthAccuracy	eventDate	day	month	year	taxonKey	speciesKey	basisOfRecord	institutionCode	collectionCode	catalogNumber	recordNumber	identifiedBy	dateIdentified	license	rightsHolder	recordedBy	typeStatus	establishmentMeans	lastInterpreted	mediaType	issue
2517788454	15f819bd-6612-4447-854b-14d12ee1022d	https://data.biodiversitydata.nl/naturalis/specimen/WAG.1360271	Plantae	Tracheophyta	Pinopsida	Pinales	Pinaceae	Picea	Picea koraiensis		SPECIES	Picea pungsanensis Uyeki ex Nakai	Picea pungsanensis Uyeki ex Nakai	Uyeki ex Nakai	ZZ	Seeds obatained through Korea Forest Service.				396d5f30-dea9-11db-8ab4-b8a03c50a862	61.783333	29.3							1981-11-04T00:00:00Z	4	11	1981	5284856	5284854	PRESERVED_SPECIMEN		Botany	WAG.1360271				CC0_1_0	Naturalis Biodiversity Center	Alanko P			2020-01-22T18:43:25.747Z	StillImage	COUNTRY_COORDINATE_MISMATCH
2517302526	15f819bd-6612-4447-854b-14d12ee1022d	https://data.biodiversitydata.nl/naturalis/specimen/L.4363523	Plantae	Tracheophyta	Pinopsida	Pinales	Pinaceae	Picea	Picea koraiensis		SPECIES	Picea koraiensis Nakai	Picea koraiensis Nakai	Nakai	ZZ	South Korea, Japan.				396d5f30-dea9-11db-8ab4-b8a03c50a862													5284854	5284854	PRESERVED_SPECIMEN		Botany	L.4363523				CC0_1_0	Naturalis Biodiversity Center	Unknown			2020-01-22T18:43:22.869Z	StillImage	
2517050465	15f819bd-6612-4447-854b-14d12ee1022d	https://data.biodiversitydata.nl/naturalis/specimen/L.4363530	Plantae	Tracheophyta	Pinopsida	Pinales	Pinaceae	Picea	Picea koraiensis		SPECIES	Picea koraiensis Nakai	Picea koraiensis Nakai	Nakai	ZZ	South Korea, Japan.				396d5f30-dea9-11db-8ab4-b8a03c50a862													5284854	5284854	PRESERVED_SPECIMEN		Botany	L.4363530				CC0_1_0	Naturalis Biodiversity Center	Unknown			2020-01-22T18:43:23.485Z	StillImage	
2517010536	15f819bd-6612-4447-854b-14d12ee1022d	https://data.biodiversitydata.nl/naturalis/specimen/L.4363531	Plantae	Tracheophyta	Pinopsida	Pinales	Pinaceae	Picea	Picea koraiensis		SPECIES	Picea koraiensis Nakai	Picea koraiensis Nakai	Nakai	ZZ	South Korea, Japan.				396d5f30-dea9-11db-8ab4-b8a03c50a862													5284854	5284854	PRESERVED_SPECIMEN		Botany	L.4363531				CC0_1_0	Naturalis Biodiversity Center	Unknown			2020-01-22T18:43:39.434Z	StillImage	
2515392304	15f819bd-6612-4447-854b-14d12ee1022d	https://data.biodiversitydata.nl/naturalis/specimen/L.4363533	Plantae	Tracheophyta	Pinopsida	Pinales	Pinaceae	Picea	Picea koraiensis		SPECIES	Picea koraiensis Nakai	Picea koraiensis Nakai	Nakai	ZZ	South Korea, Japan.				396d5f30-dea9-11db-8ab4-b8a03c50a862													5284854	5284854	PRESERVED_SPECIMEN		Botany	L.4363533				CC0_1_0	Naturalis Biodiversity Center	Unknown			2020-01-22T18:43:22.762Z	StillImage	
2515341428	15f819bd-6612-4447-854b-14d12ee1022d	https://data.biodiversitydata.nl/naturalis/specimen/L.4363521	Plantae	Tracheophyta	Pinopsida	Pinales	Pinaceae	Picea	Picea koraiensis		SPECIES	Picea koraiensis Nakai	Picea koraiensis Nakai	Nakai	ZZ	South Korea, Japan.				396d5f30-dea9-11db-8ab4-b8a03c50a862													5284854	5284854	PRESERVED_SPECIMEN		Botany	L.4363521				CC0_1_0	Naturalis Biodiversity Center	Unknown			2020-01-22T18:43:23.472Z	StillImage	
2515328015	15f819bd-6612-4447-854b-14d12ee1022d	https://data.biodiversitydata.nl/naturalis/specimen/L.4363532	Plantae	Tracheophyta	Pinopsida	Pinales	Pinaceae	Picea	Picea koraiensis		SPECIES	Picea koraiensis Nakai	Picea koraiensis Nakai	Nakai	ZZ	South Korea, Japan.				396d5f30-dea9-11db-8ab4-b8a03c50a862													5284854	5284854	PRESERVED_SPECIMEN		Botany	L.4363532				CC0_1_0	Naturalis Biodiversity Center	Unknown			2020-01-22T18:43:39.253Z	StillImage	
2515233953	15f819bd-6612-4447-854b-14d12ee1022d	https://data.biodiversitydata.nl/naturalis/specimen/L.4363522	Plantae	Tracheophyta	Pinopsida	Pinales	Pinaceae	Picea	Picea koraiensis		SPECIES	Picea koraiensis Nakai	Picea koraiensis Nakai	Nakai	ZZ	South Korea, Japan.				396d5f30-dea9-11db-8ab4-b8a03c50a862													5284854	5284854	PRESERVED_SPECIMEN		Botany	L.4363522				CC0_1_0	Naturalis Biodiversity Center	Unknown			2020-01-22T18:43:22.905Z	StillImage	
2513201396	15f819bd-6612-4447-854b-14d12ee1022d	https://data.biodiversitydata.nl/naturalis/specimen/L%20%200365548	Plantae	Tracheophyta	Pinopsida	Pinales	Pinaceae	Picea	Picea koraiensis		SPECIES	Picea koraiensis Nakai	Picea koraiensis Nakai	Nakai	KR					396d5f30-dea9-11db-8ab4-b8a03c50a862													5284854	5284854	PRESERVED_SPECIMEN		Botany	L  0365548				CC0_1_0	Naturalis Biodiversity Center	Unknown			2020-01-22T18:43:50.898Z		
2464995382	744edc21-8dd2-474e-8a0b-b8c3d56a3c2d	3672985	Plantae	Tracheophyta	Pinopsida	Pinales	Pinaceae	Picea	Picea koraiensis		SPECIES	Picea koraiensis Nakai	Picea koraiensis Nakai		RU					0870a77b-587c-4369-a8ed-bc3d347b8e1c													5284854	5284854	HUMAN_OBSERVATION							CC_BY_NC_4_0	Kessy Abarenkov	Stijn Vaessen			2020-01-13T12:28:51.111Z		
2464994716	744edc21-8dd2-474e-8a0b-b8c3d56a3c2d	3672984	Plantae	Tracheophyta	Pinopsida	Pinales	Pinaceae	Picea	Picea koraiensis		SPECIES	Picea koraiensis Nakai	Picea koraiensis Nakai		RU					0870a77b-587c-4369-a8ed-bc3d347b8e1c	43.2068	133.51042											5284854	5284854	HUMAN_OBSERVATION							CC_BY_NC_4_0	Kessy Abarenkov	Stijn Vaessen			2020-01-13T12:28:51.111Z		COORDINATE_REPROJECTION_FAILED
2443067316	51fa6038-895d-4ed7-bf80-0754fa4d5f54	FKP:70108	Plantae	Tracheophyta	Pinopsida	Pinales	Pinaceae	Picea	Picea koraiensis		SPECIES	Picea koraiensis Nakai	Picea koraiensis Nakai		KP	甲山	Ryanggang			7cd70147-b83d-453f-8c6c-d4b208a5b532	41.09028	128.29333							1897-07-30T00:00:00Z	30	7	1897	5284854	5284854	PRESERVED_SPECIMEN	LE		FKP:70108		Chin S. Chang		CC_BY_NC_4_0		Komarov, V.L.			2019-11-13T14:51:14.521Z		
2443067128	51fa6038-895d-4ed7-bf80-0754fa4d5f54	FKP:70105	Plantae	Tracheophyta	Pinopsida	Pinales	Pinaceae	Picea	Picea koraiensis		SPECIES	Picea koraiensis Nakai	Picea koraiensis Nakai		KP	三水邑-上水隅理	Ryanggang			7cd70147-b83d-453f-8c6c-d4b208a5b532	41.226248	127.957807							1897-07-03T00:00:00Z	3	7	1897	5284854	5284854	PRESERVED_SPECIMEN	LE		FKP:70105		Chin S. Chang		CC_BY_NC_4_0		Komarov, V.L.			2019-11-13T14:51:12.888Z		
2443067081	51fa6038-895d-4ed7-bf80-0754fa4d5f54	FKP:70102	Plantae	Tracheophyta	Pinopsida	Pinales	Pinaceae	Picea	Picea koraiensis		SPECIES	Picea koraiensis Nakai	Picea koraiensis Nakai		KP	西溪水 河谷-阿武山	Hamgyong-bukto			7cd70147-b83d-453f-8c6c-d4b208a5b532	41.59606	128.814526							1897-06-16T00:00:00Z	16	6	1897	5284854	5284854	PRESERVED_SPECIMEN	LE		FKP:70102		Chin S. Chang		CC_BY_NC_4_0		Komarov, V.L.			2019-11-13T14:51:18.005Z		
2443067066	51fa6038-895d-4ed7-bf80-0754fa4d5f54	FKP:70101	Plantae	Tracheophyta	Pinopsida	Pinales	Pinaceae	Picea	Picea koraiensis		SPECIES	Picea koraiensis Nakai	Picea koraiensis Nakai		KP	延岩	Ryanggang			7cd70147-b83d-453f-8c6c-d4b208a5b532	41.244853	128.799827							1897-06-15T00:00:00Z	15	6	1897	5284854	5284854	PRESERVED_SPECIMEN	LE		FKP:70101		Chin S. Chang		CC_BY_NC_4_0		Komarov, V.L.			2019-11-13T14:51:17.681Z		
2443066826	51fa6038-895d-4ed7-bf80-0754fa4d5f54	FKP:70107	Plantae	Tracheophyta	Pinopsida	Pinales	Pinaceae	Picea	Picea koraiensis		SPECIES	Picea koraiensis Nakai	Picea koraiensis Nakai		KP	佳林里	Ryanggang			7cd70147-b83d-453f-8c6c-d4b208a5b532	41.42528	128.2649							1897-07-24T00:00:00Z	24	7	1897	5284854	5284854	PRESERVED_SPECIMEN	LE		FKP:70107		Chin S. Chang		CC_BY_NC_4_0		Komarov, V.L.			2019-11-13T14:51:14.183Z		
2443066724	51fa6038-895d-4ed7-bf80-0754fa4d5f54	FKP:70099	Plantae	Tracheophyta	Pinopsida	Pinales	Pinaceae	Picea	Picea koraiensis		SPECIES	Picea koraiensis Nakai	Picea koraiensis Nakai		KP	平蒲坪	Ryanggang			7cd70147-b83d-453f-8c6c-d4b208a5b532	41.502085	127.26614							1897-06-06T00:00:00Z	6	6	1897	5284854	5284854	PRESERVED_SPECIMEN	LE		FKP:70099		Chin S. Chang		CC_BY_NC_4_0		Komarov, V.L.			2019-11-13T14:51:14.183Z		
2443066385	51fa6038-895d-4ed7-bf80-0754fa4d5f54	FKP:70106	Plantae	Tracheophyta	Pinopsida	Pinales	Pinaceae	Picea	Picea koraiensis		SPECIES	Picea koraiensis Nakai	Picea koraiensis Nakai		KP	犁方嶺 (鴨綠江 羅暖堡)	Ryanggang			7cd70147-b83d-453f-8c6c-d4b208a5b532	41.366667	127.966667							1897-07-07T00:00:00Z	7	7	1897	5284854	5284854	PRESERVED_SPECIMEN	LE		FKP:70106		Chin S. Chang		CC_BY_NC_4_0		Komarov, V.L.			2019-11-13T14:51:12.813Z		
2443066174	51fa6038-895d-4ed7-bf80-0754fa4d5f54	FKP:70103	Plantae	Tracheophyta	Pinopsida	Pinales	Pinaceae	Picea	Picea koraiensis		SPECIES	Picea koraiensis Nakai	Picea koraiensis Nakai		KP	大鎭坪	Ryanggang			7cd70147-b83d-453f-8c6c-d4b208a5b532	41.54306	128.43778							1897-06-23T00:00:00Z	23	6	1897	5284854	5284854	PRESERVED_SPECIMEN	LE		FKP:70103		Chin S. Chang		CC_BY_NC_4_0		Komarov, V.L.			2019-11-13T14:51:19.894Z		
2443066147	51fa6038-895d-4ed7-bf80-0754fa4d5f54	FKP:70109	Plantae	Tracheophyta	Pinopsida	Pinales	Pinaceae	Picea	Picea koraiensis		SPECIES	Picea koraiensis Nakai	Picea koraiensis Nakai		KP	白山嶺	Ryanggang			7cd70147-b83d-453f-8c6c-d4b208a5b532	41.279838	127.91369							1897-08-04T00:00:00Z	4	8	1897	5284854	5284854	PRESERVED_SPECIMEN	LE		FKP:70109		Chin S. Chang		CC_BY_NC_4_0		Komarov, V.L.			2019-11-13T14:51:12.750Z		
2443065902	51fa6038-895d-4ed7-bf80-0754fa4d5f54	FKP:70104	Plantae	Tracheophyta	Pinopsida	Pinales	Pinaceae	Picea	Picea koraiensis		SPECIES	Picea koraiensis Nakai	Picea koraiensis Nakai		KP	栢德嶺	Ryanggang			7cd70147-b83d-453f-8c6c-d4b208a5b532	41.474953	128.281474							1897-06-27T00:00:00Z	27	6	1897	5284854	5284854	PRESERVED_SPECIMEN	LE		FKP:70104		Chin S. Chang		CC_BY_NC_4_0		Komarov, V.L.			2019-11-13T14:51:20.136Z		
2443065393	51fa6038-895d-4ed7-bf80-0754fa4d5f54	FKP:70098	Plantae	Tracheophyta	Pinopsida	Pinales	Pinaceae	Picea	Picea koraiensis		SPECIES	Picea koraiensis Nakai	Picea koraiensis Nakai		KP	四芝坪(延面水河谷)	Ryanggang			7cd70147-b83d-453f-8c6c-d4b208a5b532	41.942893	128.787146							1897-06-02T00:00:00Z	2	6	1897	5284854	5284854	PRESERVED_SPECIMEN	LE		FKP:70098		Chin S. Chang		CC_BY_NC_4_0		Komarov, V.L.			2019-11-13T14:51:12.813Z		
2443060104	51fa6038-895d-4ed7-bf80-0754fa4d5f54	FKP:62469	Plantae	Tracheophyta	Pinopsida	Pinales	Pinaceae	Picea	Picea koraiensis		SPECIES	Picea koraiensis Nakai	Picea koraiensis Nakai		KP	Districtus Musang Vallis Segelsu	Hamgyong-bukto			7cd70147-b83d-453f-8c6c-d4b208a5b532	41.244853	128.799827							1897-06-12T00:00:00Z	12	6	1897	5284854	5284854	PRESERVED_SPECIMEN	A		FKP:62469	Komarov 82	Chin S. Chang		CC_BY_NC_4_0		Komarov, V.L.	ISOSYNTYPE		2019-11-13T14:51:11.968Z		
2443060073	51fa6038-895d-4ed7-bf80-0754fa4d5f54	FKP:94983	Plantae	Tracheophyta	Pinopsida	Pinales	Pinaceae	Picea	Picea koraiensis		SPECIES	Picea koraiensis Nakai	Picea koraiensis Nakai		KP	Districtus Musang Vallis Segelsu	Hamgyong-bukto			7cd70147-b83d-453f-8c6c-d4b208a5b532	41.244853	128.799827							1897-06-12T00:00:00Z	12	6	1897	5284854	5284854	PRESERVED_SPECIMEN	LE		FKP:94983	Komarov 82	Chin S. Chang		CC_BY_NC_4_0		Komarov, V.L.			2019-11-13T14:51:13.190Z		
2443060043	51fa6038-895d-4ed7-bf80-0754fa4d5f54	FKP:94984	Plantae	Tracheophyta	Pinopsida	Pinales	Pinaceae	Picea	Picea koraiensis		SPECIES	Picea koraiensis Nakai	Picea koraiensis Nakai		KP	Districtus Musang Vallis Segelsu	Hamgyong-bukto			7cd70147-b83d-453f-8c6c-d4b208a5b532	41.244853	128.799827							1897-06-12T00:00:00Z	12	6	1897	5284854	5284854	PRESERVED_SPECIMEN	TI		FKP:94984	Komarov 82	Chin S. Chang		CC_BY_NC_4_0		Komarov, V.L.			2019-11-13T14:51:12.943Z		
2443048606	51fa6038-895d-4ed7-bf80-0754fa4d5f54	FKP:1366	Plantae	Tracheophyta	Pinopsida	Pinales	Pinaceae	Picea	Picea koraiensis		SPECIES	Picea koraiensis Nakai	Picea koraiensis Nakai		KP	三社面 天水洞	Ryanggang			7cd70147-b83d-453f-8c6c-d4b208a5b532	41.721106	128.783798							1930-06-21T00:00:00Z	21	6	1930	5284854	5284854	PRESERVED_SPECIMEN	TNS		FKP:1366	Ohwi 1558	Chin S. Chang		CC_BY_NC_4_0		Ohwi, J.			2019-11-13T14:51:13.447Z		
2443048602	51fa6038-895d-4ed7-bf80-0754fa4d5f54	FKP:1369	Plantae	Tracheophyta	Pinopsida	Pinales	Pinaceae	Picea	Picea koraiensis		SPECIES	Picea koraiensis Nakai	Picea koraiensis Nakai		KP	下碣隅里	Hamgyong-namdo			7cd70147-b83d-453f-8c6c-d4b208a5b532	40.385324	127.252793							1932-06-15T00:00:00Z	15	6	1932	5284854	5284854	PRESERVED_SPECIMEN	KYO		FKP:1369		Chin S. Chang		CC_BY_NC_4_0		Ohwi, J.			2019-11-13T14:51:14.924Z	StillImage	
2443048496	51fa6038-895d-4ed7-bf80-0754fa4d5f54	FKP:1372	Plantae	Tracheophyta	Pinopsida	Pinales	Pinaceae	Picea	Picea koraiensis		SPECIES	Picea koraiensis Nakai	Picea koraiensis Nakai		KP	冠帽峰	Hamgyong-bukto			7cd70147-b83d-453f-8c6c-d4b208a5b532	41.475	129.02333							1932-07-01T00:00:00Z		7	1932	5284854	5284854	PRESERVED_SPECIMEN	KYO		FKP:1372		Chin S. Chang		CC_BY_NC_4_0		Ohwi, J.			2019-11-13T14:51:08.574Z		
2443048484	51fa6038-895d-4ed7-bf80-0754fa4d5f54	FKP:1374	Plantae	Tracheophyta	Pinopsida	Pinales	Pinaceae	Picea	Picea koraiensis		SPECIES	Picea koraiensis Nakai	Picea koraiensis Nakai		KP	吉州郡 含山嶺	Ryanggang			7cd70147-b83d-453f-8c6c-d4b208a5b532	40.390227	128.409147							1930-07-24T00:00:00Z	24	7	1930	5284854	5284854	PRESERVED_SPECIMEN	KYO		FKP:1374	Ohwi 2513	Chin S. Chang		CC_BY_NC_4_0		Ohwi, J.			2019-11-13T14:51:13.792Z	StillImage	
2443048440	51fa6038-895d-4ed7-bf80-0754fa4d5f54	FKP:1367	Plantae	Tracheophyta	Pinopsida	Pinales	Pinaceae	Picea	Picea koraiensis		SPECIES	Picea koraiensis Nakai	Picea koraiensis Nakai		KP	合水 (列結水)	Ryanggang			7cd70147-b83d-453f-8c6c-d4b208a5b532	41.214724	128.835125							1930-08-05T00:00:00Z	5	8	1930	5284854	5284854	PRESERVED_SPECIMEN	TNS		FKP:1367	Ohwi 2969	Chin S. Chang		CC_BY_NC_4_0		Ohwi, J.			2019-11-13T14:51:14.274Z		
2443048410	51fa6038-895d-4ed7-bf80-0754fa4d5f54	FKP:1371	Plantae	Tracheophyta	Pinopsida	Pinales	Pinaceae	Picea	Picea koraiensis		SPECIES	Picea koraiensis Nakai	Picea koraiensis Nakai		KP	三社面 天水洞	Ryanggang			7cd70147-b83d-453f-8c6c-d4b208a5b532	41.721106	128.783798							1930-06-21T00:00:00Z	21	6	1930	5284854	5284854	PRESERVED_SPECIMEN	KYO		FKP:1371	Ohwi 1558	Chin S. Chang		CC_BY_NC_4_0		Ohwi, J.			2019-11-13T14:51:08.277Z		
2443048408	51fa6038-895d-4ed7-bf80-0754fa4d5f54	FKP:1368	Plantae	Tracheophyta	Pinopsida	Pinales	Pinaceae	Picea	Picea koraiensis		SPECIES	Picea koraiensis Nakai	Picea koraiensis Nakai		KP	吉州郡 含山嶺	Ryanggang			7cd70147-b83d-453f-8c6c-d4b208a5b532	40.390227	128.409147							1930-07-24T00:00:00Z	24	7	1930	5284854	5284854	PRESERVED_SPECIMEN	TNS		FKP:1368	Ohwi 2513	Chin S. Chang		CC_BY_NC_4_0		Ohwi, J.			2019-11-13T14:51:15.065Z		
2443048395	51fa6038-895d-4ed7-bf80-0754fa4d5f54	FKP:1365	Plantae	Tracheophyta	Pinopsida	Pinales	Pinaceae	Picea	Picea koraiensis		SPECIES	Picea koraiensis Nakai	Picea koraiensis Nakai		KP	倉坪嶺	Ryanggang			7cd70147-b83d-453f-8c6c-d4b208a5b532	41.809964	128.576431							1930-06-22T00:00:00Z	22	6	1930	5284854	5284854	PRESERVED_SPECIMEN	TNS		FKP:1365		Chin S. Chang		CC_BY_NC_4_0		Ohwi, J.			2019-11-13T14:51:13.792Z		
2443048378	51fa6038-895d-4ed7-bf80-0754fa4d5f54	FKP:1373	Plantae	Tracheophyta	Pinopsida	Pinales	Pinaceae	Picea	Picea koraiensis		SPECIES	Picea koraiensis Nakai	Picea koraiensis Nakai		KP	合水 (列結水)	Ryanggang			7cd70147-b83d-453f-8c6c-d4b208a5b532	41.214724	128.835125							1930-08-05T00:00:00Z	5	8	1930	5284854	5284854	PRESERVED_SPECIMEN	KYO		FKP:1373	Ohwi 2969	Chin S. Chang		CC_BY_NC_4_0		Ohwi, J.			2019-11-13T14:51:08.379Z	StillImage	
2443048368	51fa6038-895d-4ed7-bf80-0754fa4d5f54	FKP:1370	Plantae	Tracheophyta	Pinopsida	Pinales	Pinaceae	Picea	Picea koraiensis		SPECIES	Picea koraiensis Nakai	Picea koraiensis Nakai		KP	四芝嶺	Hamgyong-bukto			7cd70147-b83d-453f-8c6c-d4b208a5b532	41.907771	128.951683							1930-06-17T00:00:00Z	17	6	1930	5284854	5284854	PRESERVED_SPECIMEN	KYO		FKP:1370	Ohwi 1245	Chin S. Chang		CC_BY_NC_4_0		Ohwi, J.			2019-11-13T14:51:08.383Z	StillImage	
2443048356	51fa6038-895d-4ed7-bf80-0754fa4d5f54	FKP:1364	Plantae	Tracheophyta	Pinopsida	Pinales	Pinaceae	Picea	Picea koraiensis		SPECIES	Picea koraiensis Nakai	Picea koraiensis Nakai		KP	四芝嶺	Hamgyong-bukto			7cd70147-b83d-453f-8c6c-d4b208a5b532	41.907771	128.951683							1930-06-17T00:00:00Z	17	6	1930	5284854	5284854	PRESERVED_SPECIMEN	TNS		FKP:1364	Ohwi 1208	Chin S. Chang		CC_BY_NC_4_0		Ohwi, J.			2019-11-13T14:51:08.348Z		
2417695648	3942a8dc-9f01-420d-a829-01675dc01c73	6665046	Plantae	Tracheophyta	Pinopsida	Pinales	Pinaceae	Picea	Picea koraiensis		SPECIES	Picea koraiensis Nakai	Picea koraiensis		CN		黑龙江			a2fa5b68-3ebf-4845-abc5-f456d251386f	46.8	129.81							1950-01-01T00:00:00Z			1950	5284854	5284854	PRESERVED_SPECIMEN	PE		00009737				CC_BY_4_0		刘慎谔			2019-11-13T15:07:47.164Z		GEODETIC_DATUM_ASSUMED_WGS84
2417693729	3942a8dc-9f01-420d-a829-01675dc01c73	6664956	Plantae	Tracheophyta	Pinopsida	Pinales	Pinaceae	Picea	Picea koraiensis		SPECIES	Picea koraiensis Nakai	Picea koraiensis		CN		黑龙江			a2fa5b68-3ebf-4845-abc5-f456d251386f	46.8	129.81							1950-01-01T00:00:00Z			1950	5284854	5284854	PRESERVED_SPECIMEN	PE		00009827				CC_BY_4_0		张玉良			2019-11-13T15:07:49.867Z		GEODETIC_DATUM_ASSUMED_WGS84
2417693365	3942a8dc-9f01-420d-a829-01675dc01c73	6664962	Plantae	Tracheophyta	Pinopsida	Pinales	Pinaceae	Picea	Picea koraiensis		SPECIES	Picea koraiensis Nakai	Picea koraiensis		CN		黑龙江			a2fa5b68-3ebf-4845-abc5-f456d251386f	46.8	129.81							1959-01-01T00:00:00Z			1959	5284854	5284854	PRESERVED_SPECIMEN	PE		00009821				CC_BY_4_0		傅立国，蔡振庭			2019-11-13T15:07:49.621Z		GEODETIC_DATUM_ASSUMED_WGS84
2417691864	3942a8dc-9f01-420d-a829-01675dc01c73	6664969	Plantae	Tracheophyta	Pinopsida	Pinales	Pinaceae	Picea	Picea koraiensis		SPECIES	Picea koraiensis Nakai	Picea koraiensis		CN		黑龙江			a2fa5b68-3ebf-4845-abc5-f456d251386f	46.8	129.81							1959-01-01T00:00:00Z			1959	5284854	5284854	PRESERVED_SPECIMEN	PE		00009814				CC_BY_4_0		傅立国，蔡振庭			2019-11-13T15:07:49.881Z		GEODETIC_DATUM_ASSUMED_WGS84
2417691842	3942a8dc-9f01-420d-a829-01675dc01c73	6664985	Plantae	Tracheophyta	Pinopsida	Pinales	Pinaceae	Picea	Picea koraiensis		SPECIES	Picea koraiensis Nakai	Picea koraiensis		CN		黑龙江			a2fa5b68-3ebf-4845-abc5-f456d251386f	46.8	129.81							1950-01-01T00:00:00Z			1950	5284854	5284854	PRESERVED_SPECIMEN	PE		00009798				CC_BY_4_0		张玉良			2019-11-13T15:07:47.060Z		GEODETIC_DATUM_ASSUMED_WGS84
2417691547	3942a8dc-9f01-420d-a829-01675dc01c73	6664983	Plantae	Tracheophyta	Pinopsida	Pinales	Pinaceae	Picea	Picea koraiensis		SPECIES	Picea koraiensis Nakai	Picea koraiensis		CN		黑龙江			a2fa5b68-3ebf-4845-abc5-f456d251386f	46.8	129.81							1959-01-01T00:00:00Z			1959	5284854	5284854	PRESERVED_SPECIMEN	PE		00009800				CC_BY_4_0		傅立国，蔡振庭			2019-11-13T15:07:49.617Z		GEODETIC_DATUM_ASSUMED_WGS84
2417690845	3942a8dc-9f01-420d-a829-01675dc01c73	6664950	Plantae	Tracheophyta	Pinopsida	Pinales	Pinaceae	Picea	Picea koraiensis		SPECIES	Picea koraiensis Nakai	Picea koraiensis		CN		黑龙江			a2fa5b68-3ebf-4845-abc5-f456d251386f	46.8	129.81							1959-01-01T00:00:00Z			1959	5284854	5284854	PRESERVED_SPECIMEN	PE		00009833				CC_BY_4_0		傅立国，蔡振庭			2019-11-13T15:07:49.614Z		GEODETIC_DATUM_ASSUMED_WGS84
2417690838	3942a8dc-9f01-420d-a829-01675dc01c73	6664951	Plantae	Tracheophyta	Pinopsida	Pinales	Pinaceae	Picea	Picea koraiensis		SPECIES	Picea koraiensis Nakai	Picea koraiensis		CN		黑龙江			a2fa5b68-3ebf-4845-abc5-f456d251386f	46.8	129.81							1959-01-01T00:00:00Z			1959	5284854	5284854	PRESERVED_SPECIMEN	PE		00009832				CC_BY_4_0		傅立国，蔡振庭			2019-11-13T15:07:49.877Z		GEODETIC_DATUM_ASSUMED_WGS84
2417690217	3942a8dc-9f01-420d-a829-01675dc01c73	6664958	Plantae	Tracheophyta	Pinopsida	Pinales	Pinaceae	Picea	Picea koraiensis		SPECIES	Picea koraiensis Nakai	Picea koraiensis		CN		黑龙江			a2fa5b68-3ebf-4845-abc5-f456d251386f	46.8	129.81							1950-01-01T00:00:00Z			1950	5284854	5284854	PRESERVED_SPECIMEN	PE		00009825				CC_BY_4_0		张玉良			2019-11-13T15:07:49.657Z		GEODETIC_DATUM_ASSUMED_WGS84
2417690013	3942a8dc-9f01-420d-a829-01675dc01c73	6664982	Plantae	Tracheophyta	Pinopsida	Pinales	Pinaceae	Picea	Picea koraiensis		SPECIES	Picea koraiensis Nakai	Picea koraiensis		CN		黑龙江			a2fa5b68-3ebf-4845-abc5-f456d251386f	46.8	129.81							1958-01-01T00:00:00Z			1958	5284854	5284854	PRESERVED_SPECIMEN	PE		00009801				CC_BY_4_0					2019-11-13T15:07:47.156Z		GEODETIC_DATUM_ASSUMED_WGS84
2417689933	3942a8dc-9f01-420d-a829-01675dc01c73	6664980	Plantae	Tracheophyta	Pinopsida	Pinales	Pinaceae	Picea	Picea koraiensis		SPECIES	Picea koraiensis Nakai	Picea koraiensis		CN		黑龙江			a2fa5b68-3ebf-4845-abc5-f456d251386f	46.8	129.81							1959-01-01T00:00:00Z			1959	5284854	5284854	PRESERVED_SPECIMEN	PE		00009803				CC_BY_4_0		傅立国，蔡振庭			2019-11-13T15:07:47.148Z		GEODETIC_DATUM_ASSUMED_WGS84
2417689786	3942a8dc-9f01-420d-a829-01675dc01c73	6664948	Plantae	Tracheophyta	Pinopsida	Pinales	Pinaceae	Picea	Picea koraiensis		SPECIES	Picea koraiensis Nakai	Picea koraiensis		CN		黑龙江			a2fa5b68-3ebf-4845-abc5-f456d251386f	46.8	129.81							1959-01-01T00:00:00Z			1959	5284854	5284854	PRESERVED_SPECIMEN	PE		00009835				CC_BY_4_0		傅立国，蔡振庭			2019-11-13T15:07:49.874Z		GEODETIC_DATUM_ASSUMED_WGS84
2417689765	3942a8dc-9f01-420d-a829-01675dc01c73	6664981	Plantae	Tracheophyta	Pinopsida	Pinales	Pinaceae	Picea	Picea koraiensis		SPECIES	Picea koraiensis Nakai	Picea koraiensis		CN		黑龙江			a2fa5b68-3ebf-4845-abc5-f456d251386f	46.8	129.81							1959-01-01T00:00:00Z			1959	5284854	5284854	PRESERVED_SPECIMEN	PE		00009802				CC_BY_4_0		傅立国，蔡振庭			2019-11-13T15:07:47.064Z		GEODETIC_DATUM_ASSUMED_WGS84
2417689754	3942a8dc-9f01-420d-a829-01675dc01c73	6664959	Plantae	Tracheophyta	Pinopsida	Pinales	Pinaceae	Picea	Picea koraiensis		SPECIES	Picea koraiensis Nakai	Picea koraiensis		CN		黑龙江			a2fa5b68-3ebf-4845-abc5-f456d251386f	46.8	129.81							1950-01-01T00:00:00Z			1950	5284854	5284854	PRESERVED_SPECIMEN	PE		00009824				CC_BY_4_0		张玉良			2019-11-13T15:07:47.155Z		GEODETIC_DATUM_ASSUMED_WGS84
2417689552	3942a8dc-9f01-420d-a829-01675dc01c73	6664970	Plantae	Tracheophyta	Pinopsida	Pinales	Pinaceae	Picea	Picea koraiensis		SPECIES	Picea koraiensis Nakai	Picea koraiensis		CN		黑龙江			a2fa5b68-3ebf-4845-abc5-f456d251386f	46.8	129.81							1958-01-01T00:00:00Z			1958	5284854	5284854	PRESERVED_SPECIMEN	PE		00009813				CC_BY_4_0					2019-11-13T15:07:49.655Z		GEODETIC_DATUM_ASSUMED_WGS84
2417689311	3942a8dc-9f01-420d-a829-01675dc01c73	6664961	Plantae	Tracheophyta	Pinopsida	Pinales	Pinaceae	Picea	Picea koraiensis		SPECIES	Picea koraiensis Nakai	Picea koraiensis		CN		黑龙江			a2fa5b68-3ebf-4845-abc5-f456d251386f	46.8	129.81							1959-01-01T00:00:00Z			1959	5284854	5284854	PRESERVED_SPECIMEN	PE		00009822				CC_BY_4_0		傅立国，蔡振庭			2019-11-13T15:07:47.146Z		GEODETIC_DATUM_ASSUMED_WGS84
2417689201	3942a8dc-9f01-420d-a829-01675dc01c73	6664972	Plantae	Tracheophyta	Pinopsida	Pinales	Pinaceae	Picea	Picea koraiensis		SPECIES	Picea koraiensis Nakai	Picea koraiensis		CN		黑龙江			a2fa5b68-3ebf-4845-abc5-f456d251386f	46.8	129.81							1959-01-01T00:00:00Z			1959	5284854	5284854	PRESERVED_SPECIMEN	PE		00009811				CC_BY_4_0		傅立国，蔡振庭			2019-11-13T15:07:49.853Z		GEODETIC_DATUM_ASSUMED_WGS84
2417688719	3942a8dc-9f01-420d-a829-01675dc01c73	6664947	Plantae	Tracheophyta	Pinopsida	Pinales	Pinaceae	Picea	Picea koraiensis		SPECIES	Picea koraiensis Nakai	Picea koraiensis		CN		黑龙江			a2fa5b68-3ebf-4845-abc5-f456d251386f	46.8	129.81							1959-01-01T00:00:00Z			1959	5284854	5284854	PRESERVED_SPECIMEN	PE		00009836				CC_BY_4_0		傅立国，蔡振庭			2019-11-13T15:07:47.152Z		GEODETIC_DATUM_ASSUMED_WGS84
2417688350	3942a8dc-9f01-420d-a829-01675dc01c73	6664949	Plantae	Tracheophyta	Pinopsida	Pinales	Pinaceae	Picea	Picea koraiensis		SPECIES	Picea koraiensis Nakai	Picea koraiensis		CN		黑龙江			a2fa5b68-3ebf-4845-abc5-f456d251386f	46.8	129.81							1959-01-01T00:00:00Z			1959	5284854	5284854	PRESERVED_SPECIMEN	PE		00009834				CC_BY_4_0		傅立国，蔡振庭			2019-11-13T15:07:47.046Z		GEODETIC_DATUM_ASSUMED_WGS84
2417687875	3942a8dc-9f01-420d-a829-01675dc01c73	6664986	Plantae	Tracheophyta	Pinopsida	Pinales	Pinaceae	Picea	Picea koraiensis		SPECIES	Picea koraiensis Nakai	Picea koraiensis		CN		黑龙江			a2fa5b68-3ebf-4845-abc5-f456d251386f	46.8	129.81							1950-01-01T00:00:00Z			1950	5284854	5284854	PRESERVED_SPECIMEN	PE		00009797				CC_BY_4_0		刘慎谔			2019-11-13T15:07:47.059Z		GEODETIC_DATUM_ASSUMED_WGS84
2417687836	3942a8dc-9f01-420d-a829-01675dc01c73	6664971	Plantae	Tracheophyta	Pinopsida	Pinales	Pinaceae	Picea	Picea koraiensis		SPECIES	Picea koraiensis Nakai	Picea koraiensis		CN		黑龙江			a2fa5b68-3ebf-4845-abc5-f456d251386f	46.8	129.81							1959-01-01T00:00:00Z			1959	5284854	5284854	PRESERVED_SPECIMEN	PE		00009812				CC_BY_4_0		傅立国，蔡振庭			2019-11-13T15:07:47.141Z		GEODETIC_DATUM_ASSUMED_WGS84
2417687293	3942a8dc-9f01-420d-a829-01675dc01c73	6664968	Plantae	Tracheophyta	Pinopsida	Pinales	Pinaceae	Picea	Picea koraiensis		SPECIES	Picea koraiensis Nakai	Picea koraiensis		CN		黑龙江			a2fa5b68-3ebf-4845-abc5-f456d251386f	46.8	129.81							1959-01-01T00:00:00Z			1959	5284854	5284854	PRESERVED_SPECIMEN	PE		00009815				CC_BY_4_0		傅立国，蔡振庭			2019-11-13T15:07:49.646Z		GEODETIC_DATUM_ASSUMED_WGS84
2417686989	3942a8dc-9f01-420d-a829-01675dc01c73	6664963	Plantae	Tracheophyta	Pinopsida	Pinales	Pinaceae	Picea	Picea koraiensis		SPECIES	Picea koraiensis Nakai	Picea koraiensis		CN		黑龙江			a2fa5b68-3ebf-4845-abc5-f456d251386f	46.8	129.81							1959-01-01T00:00:00Z			1959	5284854	5284854	PRESERVED_SPECIMEN	PE		00009820				CC_BY_4_0		傅立国，蔡振庭			2019-11-13T15:07:49.847Z		GEODETIC_DATUM_ASSUMED_WGS84
2417686438	3942a8dc-9f01-420d-a829-01675dc01c73	6664957	Plantae	Tracheophyta	Pinopsida	Pinales	Pinaceae	Picea	Picea koraiensis		SPECIES	Picea koraiensis Nakai	Picea koraiensis		CN		黑龙江			a2fa5b68-3ebf-4845-abc5-f456d251386f	46.8	129.81							1950-01-01T00:00:00Z			1950	5284854	5284854	PRESERVED_SPECIMEN	PE		00009826				CC_BY_4_0		张玉良			2019-11-13T15:07:49.643Z		GEODETIC_DATUM_ASSUMED_WGS84
2417685547	3942a8dc-9f01-420d-a829-01675dc01c73	6664984	Plantae	Tracheophyta	Pinopsida	Pinales	Pinaceae	Picea	Picea koraiensis		SPECIES	Picea koraiensis Nakai	Picea koraiensis		CN		黑龙江			a2fa5b68-3ebf-4845-abc5-f456d251386f	46.8	129.81							1950-01-01T00:00:00Z			1950	5284854	5284854	PRESERVED_SPECIMEN	PE		00009799				CC_BY_4_0		张玉良			2019-11-13T15:07:49.640Z		GEODETIC_DATUM_ASSUMED_WGS84
2417603699	3942a8dc-9f01-420d-a829-01675dc01c73	6664946	Plantae	Tracheophyta	Pinopsida	Pinales	Pinaceae	Picea	Picea koraiensis		SPECIES	Picea koraiensis Nakai	Picea koraiensis		CN		吉林			a2fa5b68-3ebf-4845-abc5-f456d251386f	42.34	127.28							1986-01-01T00:00:00Z			1986	5284854	5284854	PRESERVED_SPECIMEN	PE		00009837				CC_BY_4_0		Hong De Yuan			2019-11-13T15:07:49.292Z		GEODETIC_DATUM_ASSUMED_WGS84
2417600747	3942a8dc-9f01-420d-a829-01675dc01c73	6664937	Plantae	Tracheophyta	Pinopsida	Pinales	Pinaceae	Picea	Picea koraiensis		SPECIES	Picea koraiensis Nakai	Picea koraiensis		CN		吉林			a2fa5b68-3ebf-4845-abc5-f456d251386f	42.34	127.28							1950-01-01T00:00:00Z			1950	5284854	5284854	PRESERVED_SPECIMEN	PE		00009846				CC_BY_4_0		野田光藏			2019-11-13T15:07:49.297Z		GEODETIC_DATUM_ASSUMED_WGS84
2417599745	3942a8dc-9f01-420d-a829-01675dc01c73	6664938	Plantae	Tracheophyta	Pinopsida	Pinales	Pinaceae	Picea	Picea koraiensis		SPECIES	Picea koraiensis Nakai	Picea koraiensis		CN		吉林			a2fa5b68-3ebf-4845-abc5-f456d251386f	42.34	127.28							1950-01-01T00:00:00Z			1950	5284854	5284854	PRESERVED_SPECIMEN	PE		00009845				CC_BY_4_0		野田光藏			2019-11-13T15:07:46.550Z		GEODETIC_DATUM_ASSUMED_WGS84
2417598174	3942a8dc-9f01-420d-a829-01675dc01c73	6664936	Plantae	Tracheophyta	Pinopsida	Pinales	Pinaceae	Picea	Picea koraiensis		SPECIES	Picea koraiensis Nakai	Picea koraiensis		CN		吉林			a2fa5b68-3ebf-4845-abc5-f456d251386f	42.34	127.28							1950-01-01T00:00:00Z			1950	5284854	5284854	PRESERVED_SPECIMEN	PE		00009847				CC_BY_4_0		野田光藏			2019-11-13T15:07:49.287Z		GEODETIC_DATUM_ASSUMED_WGS84
2417469340	3942a8dc-9f01-420d-a829-01675dc01c73	6617635	Plantae	Tracheophyta	Pinopsida	Pinales	Pinaceae	Picea	Picea koraiensis		SPECIES	Picea koraiensis Nakai	Picea koraiensis		CN		吉林			a2fa5b68-3ebf-4845-abc5-f456d251386f	42.78	128.51							1986-01-01T00:00:00Z			1986	5284854	5284854	PRESERVED_SPECIMEN	PE		00058261				CC_BY_4_0		Hong De-yuan,W.H.Sauer,S.Gerbert,Yang Ye			2019-11-13T15:07:48.710Z		GEODETIC_DATUM_ASSUMED_WGS84
2417468700	3942a8dc-9f01-420d-a829-01675dc01c73	6665054	Plantae	Tracheophyta	Pinopsida	Pinales	Pinaceae	Picea	Picea koraiensis		SPECIES	Picea koraiensis Nakai	Picea koraiensis		CN		吉林			a2fa5b68-3ebf-4845-abc5-f456d251386f	42.78	128.51							1963-01-01T00:00:00Z			1963	5284854	5284854	PRESERVED_SPECIMEN	PE		00009729				CC_BY_4_0					2019-11-13T15:07:48.664Z		GEODETIC_DATUM_ASSUMED_WGS84
2417468092	3942a8dc-9f01-420d-a829-01675dc01c73	6664935	Plantae	Tracheophyta	Pinopsida	Pinales	Pinaceae	Picea	Picea koraiensis		SPECIES	Picea koraiensis Nakai	Picea koraiensis		CN		吉林			a2fa5b68-3ebf-4845-abc5-f456d251386f	42.78	128.51							1959-01-01T00:00:00Z			1959	5284854	5284854	PRESERVED_SPECIMEN	PE		00009848				CC_BY_4_0		延边一组			2019-11-13T15:07:45.740Z		GEODETIC_DATUM_ASSUMED_WGS84
2417466849	3942a8dc-9f01-420d-a829-01675dc01c73	6664929	Plantae	Tracheophyta	Pinopsida	Pinales	Pinaceae	Picea	Picea koraiensis		SPECIES	Picea koraiensis Nakai	Picea koraiensis		CN		吉林			a2fa5b68-3ebf-4845-abc5-f456d251386f	42.78	128.51							1973-01-01T00:00:00Z			1973	5284854	5284854	PRESERVED_SPECIMEN	PE		00009854				CC_BY_4_0		廉永善、印万芬			2019-11-13T15:07:45.799Z		GEODETIC_DATUM_ASSUMED_WGS84
2417466839	3942a8dc-9f01-420d-a829-01675dc01c73	6664928	Plantae	Tracheophyta	Pinopsida	Pinales	Pinaceae	Picea	Picea koraiensis		SPECIES	Picea koraiensis Nakai	Picea koraiensis		CN		吉林			a2fa5b68-3ebf-4845-abc5-f456d251386f	42.78	128.51							1973-01-01T00:00:00Z			1973	5284854	5284854	PRESERVED_SPECIMEN	PE		00009855				CC_BY_4_0		廉永善、印万芬			2019-11-13T15:07:48.700Z		GEODETIC_DATUM_ASSUMED_WGS84
2417466627	3942a8dc-9f01-420d-a829-01675dc01c73	6664942	Plantae	Tracheophyta	Pinopsida	Pinales	Pinaceae	Picea	Picea koraiensis		SPECIES	Picea koraiensis Nakai	Picea koraiensis		CN		吉林			a2fa5b68-3ebf-4845-abc5-f456d251386f	42.78	128.51							1951-01-01T00:00:00Z			1951	5284854	5284854	PRESERVED_SPECIMEN	PE		00009841				CC_BY_4_0		刘慎谔			2019-11-13T15:07:45.687Z		GEODETIC_DATUM_ASSUMED_WGS84
2417466050	3942a8dc-9f01-420d-a829-01675dc01c73	6664941	Plantae	Tracheophyta	Pinopsida	Pinales	Pinaceae	Picea	Picea koraiensis		SPECIES	Picea koraiensis Nakai	Picea koraiensis		CN		吉林			a2fa5b68-3ebf-4845-abc5-f456d251386f	42.78	128.51							1959-01-01T00:00:00Z			1959	5284854	5284854	PRESERVED_SPECIMEN	PE		00009842				CC_BY_4_0		延边一组			2019-11-13T15:07:45.685Z		GEODETIC_DATUM_ASSUMED_WGS84
2417465406	3942a8dc-9f01-420d-a829-01675dc01c73	6617634	Plantae	Tracheophyta	Pinopsida	Pinales	Pinaceae	Picea	Picea koraiensis		SPECIES	Picea koraiensis Nakai	Picea koraiensis		CN		吉林			a2fa5b68-3ebf-4845-abc5-f456d251386f	42.78	128.51							1986-01-01T00:00:00Z			1986	5284854	5284854	PRESERVED_SPECIMEN	PE		00058262				CC_BY_4_0		Hong De-yuan,W.H.Sauer,S.Gerbert,Yang Ye			2019-11-13T15:07:48.656Z		GEODETIC_DATUM_ASSUMED_WGS84
2417465329	3942a8dc-9f01-420d-a829-01675dc01c73	6664943	Plantae	Tracheophyta	Pinopsida	Pinales	Pinaceae	Picea	Picea koraiensis		SPECIES	Picea koraiensis Nakai	Picea koraiensis		CN		吉林			a2fa5b68-3ebf-4845-abc5-f456d251386f	42.78	128.51							1951-01-01T00:00:00Z			1951	5284854	5284854	PRESERVED_SPECIMEN	PE		00009840				CC_BY_4_0		周以良 刘慎谔			2019-11-13T15:07:45.730Z		GEODETIC_DATUM_ASSUMED_WGS84
2417465042	3942a8dc-9f01-420d-a829-01675dc01c73	6665051	Plantae	Tracheophyta	Pinopsida	Pinales	Pinaceae	Picea	Picea koraiensis		SPECIES	Picea koraiensis Nakai	Picea koraiensis		CN		吉林			a2fa5b68-3ebf-4845-abc5-f456d251386f	42.78	128.51							1959-01-01T00:00:00Z			1959	5284854	5284854	PRESERVED_SPECIMEN	PE		00009732				CC_BY_4_0		延边一组			2019-11-13T15:07:45.682Z		GEODETIC_DATUM_ASSUMED_WGS84
2417464476	3942a8dc-9f01-420d-a829-01675dc01c73	6618168	Plantae	Tracheophyta	Pinopsida	Pinales	Pinaceae	Picea	Picea koraiensis		SPECIES	Picea koraiensis Nakai	Picea koraiensis		CN		吉林			a2fa5b68-3ebf-4845-abc5-f456d251386f	42.78	128.51							1975-01-01T00:00:00Z			1975	5284854	5284854	PRESERVED_SPECIMEN	PE		00057728				CC_BY_4_0					2019-11-13T15:07:45.680Z		GEODETIC_DATUM_ASSUMED_WGS84
2417356661	3942a8dc-9f01-420d-a829-01675dc01c73	6665049	Plantae	Tracheophyta	Pinopsida	Pinales	Pinaceae	Picea	Picea koraiensis		SPECIES	Picea koraiensis Nakai	Picea koraiensis		CN		黑龙江			a2fa5b68-3ebf-4845-abc5-f456d251386f	45.76	130.57							1959-01-01T00:00:00Z			1959	5284854	5284854	PRESERVED_SPECIMEN	PE		00009734				CC_BY_4_0		张玉良			2019-11-13T15:07:44.996Z		GEODETIC_DATUM_ASSUMED_WGS84
2417325338	3942a8dc-9f01-420d-a829-01675dc01c73	6813547	Plantae	Tracheophyta	Pinopsida	Pinales	Pinaceae	Picea	Picea koraiensis	koraiensis	VARIETY	Picea koyamae var. koraiensis (Nakai) Liou & Z.Wang	Picea koyamae var. koraiensis		CN		黑龙江			a2fa5b68-3ebf-4845-abc5-f456d251386f	47.77	128.91							1956-01-01T00:00:00Z			1956	8352496	5284854	PRESERVED_SPECIMEN	PE		01375648				CC_BY_4_0		刘金鉴			2019-11-13T15:07:47.891Z		GEODETIC_DATUM_ASSUMED_WGS84
2417317553	3942a8dc-9f01-420d-a829-01675dc01c73	6665047	Plantae	Tracheophyta	Pinopsida	Pinales	Pinaceae	Picea	Picea koraiensis		SPECIES	Picea koraiensis Nakai	Picea koraiensis		CN		黑龙江			a2fa5b68-3ebf-4845-abc5-f456d251386f	47.77	128.91							1956-01-01T00:00:00Z			1956	5284854	5284854	PRESERVED_SPECIMEN	PE		00009736				CC_BY_4_0		刘慎谔			2019-11-13T15:07:47.855Z		GEODETIC_DATUM_ASSUMED_WGS84
2417317145	3942a8dc-9f01-420d-a829-01675dc01c73	6813545	Plantae	Tracheophyta	Pinopsida	Pinales	Pinaceae	Picea	Picea koraiensis	koraiensis	VARIETY	Picea koyamae var. koraiensis (Nakai) Liou & Z.Wang	Picea koyamae var. koraiensis		CN		黑龙江			a2fa5b68-3ebf-4845-abc5-f456d251386f	47.77	128.91							1956-01-01T00:00:00Z			1956	8352496	5284854	PRESERVED_SPECIMEN	PE		01375649				CC_BY_4_0		刘金鉴			2019-11-13T15:07:44.586Z		GEODETIC_DATUM_ASSUMED_WGS84
2417316923	3942a8dc-9f01-420d-a829-01675dc01c73	6665048	Plantae	Tracheophyta	Pinopsida	Pinales	Pinaceae	Picea	Picea koraiensis		SPECIES	Picea koraiensis Nakai	Picea koraiensis		CN		黑龙江			a2fa5b68-3ebf-4845-abc5-f456d251386f	47.77	128.91							1956-01-01T00:00:00Z			1956	5284854	5284854	PRESERVED_SPECIMEN	PE		00009735				CC_BY_4_0		中德队			2019-11-13T15:07:47.853Z		GEODETIC_DATUM_ASSUMED_WGS84
2275052609	5c2a93e4-4578-496c-9b61-edb9d72e8cbc	CHLPPL201509240293	Plantae	Tracheophyta	Pinopsida	Pinales	Pinaceae	Picea	Picea koraiensis		SPECIES	Picea koraiensis Nakai	Picea koraiensis		KR					eb07eeb0-3db9-11d9-8439-b8a03c50a862									2012-02-23T00:00:00Z	23	2	2012	5284854	5284854	PRESERVED_SPECIMEN	CHLPPL	PL	CHLPPL201509240293				CC_BY_NC_4_0					2019-11-13T15:15:10.308Z		
2274976137	5c2a93e4-4578-496c-9b61-edb9d72e8cbc	SNUMPL201509150002	Plantae	Tracheophyta	Pinopsida	Pinales	Pinaceae	Picea	Picea koraiensis		SPECIES	Picea koraiensis Nakai	Picea koraiensis Nakai		KR					eb07eeb0-3db9-11d9-8439-b8a03c50a862									2013-02-14T00:00:00Z	14	2	2013	5284854	5284854	PRESERVED_SPECIMEN	SNUMPL	PL	SNUMPL201509150002				CC_BY_NC_4_0					2019-11-13T15:15:10.484Z		
2274976039	5c2a93e4-4578-496c-9b61-edb9d72e8cbc	SNUMPL201509150001	Plantae	Tracheophyta	Pinopsida	Pinales	Pinaceae	Picea	Picea koraiensis		SPECIES	Picea koraiensis Nakai	Picea koraiensis Nakai		KR					eb07eeb0-3db9-11d9-8439-b8a03c50a862									2013-02-14T00:00:00Z	14	2	2013	5284854	5284854	PRESERVED_SPECIMEN	SNUMPL	PL	SNUMPL201509150001				CC_BY_NC_4_0					2019-11-13T15:15:09.053Z		
2250729148	040c5662-da76-4782-a48e-cdea1892d14c	http://bins.boldsystems.org/index.php/Public_RecordView?processid=JRPAA8564-15	Plantae	Tracheophyta	Pinopsida	Pinales	Pinaceae	Picea	Picea koraiensis		SPECIES	Picea koraiensis Nakai	Picea koraiensis							b3bf3a83-1f68-4541-a03f-330d30d567f5													5284854	5284854	MATERIAL_SAMPLE							CC_BY_4_0	Barcode of Life Datasystems				2019-11-13T18:33:08.346Z		
2250318419	040c5662-da76-4782-a48e-cdea1892d14c	http://bins.boldsystems.org/index.php/Public_RecordView?processid=GBVQ587-13	Plantae	Tracheophyta	Pinopsida	Pinales	Pinaceae	Picea	Picea koraiensis		SPECIES	Picea koraiensis Nakai	Picea koraiensis		CN	Liaoning				b3bf3a83-1f68-4541-a03f-330d30d567f5									2000-08-01T00:00:00Z	1	8	2000	5284854	5284854	MATERIAL_SAMPLE			Arnold Arboretum tree ID 1276-79A				CC_BY_4_0	Barcode of Life Datasystems				2019-11-13T18:32:58.284Z		
2250316996	040c5662-da76-4782-a48e-cdea1892d14c	http://bins.boldsystems.org/index.php/Public_RecordView?processid=GBVQ2776-13	Plantae	Tracheophyta	Pinopsida	Pinales	Pinaceae	Picea	Picea koraiensis		SPECIES	Picea koraiensis Nakai	Picea koraiensis							b3bf3a83-1f68-4541-a03f-330d30d567f5													5284854	5284854	MATERIAL_SAMPLE			PDBK2011-0906				CC_BY_4_0	Barcode of Life Datasystems				2019-11-13T18:32:57.377Z		
2250315767	040c5662-da76-4782-a48e-cdea1892d14c	http://bins.boldsystems.org/index.php/Public_RecordView?processid=GBVQ2652-13	Plantae	Tracheophyta	Pinopsida	Pinales	Pinaceae	Picea	Picea koraiensis		SPECIES	Picea koraiensis Nakai	Picea koraiensis							b3bf3a83-1f68-4541-a03f-330d30d567f5													5284854	5284854	MATERIAL_SAMPLE							CC_BY_4_0	Barcode of Life Datasystems				2019-11-13T18:32:39.956Z		
2250315277	040c5662-da76-4782-a48e-cdea1892d14c	http://bins.boldsystems.org/index.php/Public_RecordView?processid=GBVQ2775-13	Plantae	Tracheophyta	Pinopsida	Pinales	Pinaceae	Picea	Picea koraiensis		SPECIES	Picea koraiensis Nakai	Picea koraiensis							b3bf3a83-1f68-4541-a03f-330d30d567f5													5284854	5284854	MATERIAL_SAMPLE			PDBK2009-0137				CC_BY_4_0	Barcode of Life Datasystems				2019-11-13T18:33:12.425Z		
2250314401	040c5662-da76-4782-a48e-cdea1892d14c	http://bins.boldsystems.org/index.php/Public_RecordView?processid=GBVQ2651-13	Plantae	Tracheophyta	Pinopsida	Pinales	Pinaceae	Picea	Picea koraiensis		SPECIES	Picea koraiensis Nakai	Picea koraiensis							b3bf3a83-1f68-4541-a03f-330d30d567f5													5284854	5284854	MATERIAL_SAMPLE							CC_BY_4_0	Barcode of Life Datasystems				2019-11-13T18:32:39.866Z		
2250292449	040c5662-da76-4782-a48e-cdea1892d14c	http://bins.boldsystems.org/index.php/Public_RecordView?processid=GBVL4740-11	Plantae	Tracheophyta	Pinopsida	Pinales	Pinaceae	Picea	Picea koraiensis		SPECIES	Picea koraiensis Nakai	Picea koraiensis							b3bf3a83-1f68-4541-a03f-330d30d567f5													5284854	5284854	MATERIAL_SAMPLE			Ran J.-H. Ran013				CC_BY_4_0	Barcode of Life Datasystems				2019-11-13T18:32:56.328Z		
2250291971	040c5662-da76-4782-a48e-cdea1892d14c	http://bins.boldsystems.org/index.php/Public_RecordView?processid=GBVL4738-11	Plantae	Tracheophyta	Pinopsida	Pinales	Pinaceae	Picea	Picea koraiensis		SPECIES	Picea koraiensis Nakai	Picea koraiensis		CN					b3bf3a83-1f68-4541-a03f-330d30d567f5													5284854	5284854	MATERIAL_SAMPLE			Arnold Arboretum tree ID 1276-79A				CC_BY_4_0	Barcode of Life Datasystems				2019-11-13T18:33:09.627Z		
2250291943	040c5662-da76-4782-a48e-cdea1892d14c	http://bins.boldsystems.org/index.php/Public_RecordView?processid=GBVL4739-11	Plantae	Tracheophyta	Pinopsida	Pinales	Pinaceae	Picea	Picea koraiensis		SPECIES	Picea koraiensis Nakai	Picea koraiensis							b3bf3a83-1f68-4541-a03f-330d30d567f5													5284854	5284854	MATERIAL_SAMPLE			Ran J.-H. Ran013				CC_BY_4_0	Barcode of Life Datasystems				2019-11-13T18:32:39.779Z		
2250291546	040c5662-da76-4782-a48e-cdea1892d14c	http://bins.boldsystems.org/index.php/Public_RecordView?processid=GBVL4737-11	Plantae	Tracheophyta	Pinopsida	Pinales	Pinaceae	Picea	Picea koraiensis		SPECIES	Picea koraiensis Nakai	Picea koraiensis							b3bf3a83-1f68-4541-a03f-330d30d567f5													5284854	5284854	MATERIAL_SAMPLE			2004020				CC_BY_4_0	Barcode of Life Datasystems				2019-11-13T18:32:53.340Z		
2249051288	040c5662-da76-4782-a48e-cdea1892d14c	http://bins.boldsystems.org/index.php/Public_RecordView?processid=CPBOL2952-11	Plantae	Tracheophyta	Pinopsida	Pinales	Pinaceae	Picea	Picea koraiensis		SPECIES	Picea koraiensis Nakai	Picea koraiensis		CN		Heilongjiang Sheng			b3bf3a83-1f68-4541-a03f-330d30d567f5					900.0	0.0			2008-09-22T00:00:00Z	22	9	2008	5284854	5284854	MATERIAL_SAMPLE					Liu Jianquan		CC_BY_4_0	Barcode of Life Datasystems	Liu Jianquan			2019-11-13T18:33:10.051Z		
2249051287	040c5662-da76-4782-a48e-cdea1892d14c	http://bins.boldsystems.org/index.php/Public_RecordView?processid=CPBOL2953-11	Plantae	Tracheophyta	Pinopsida	Pinales	Pinaceae	Picea	Picea koraiensis		SPECIES	Picea koraiensis Nakai	Picea koraiensis		CN		Jilin			b3bf3a83-1f68-4541-a03f-330d30d567f5					802.0	0.0			2008-09-22T00:00:00Z	22	9	2008	5284854	5284854	MATERIAL_SAMPLE					Liu Jianquan		CC_BY_4_0	Barcode of Life Datasystems	Liu Jianquan			2019-11-13T18:32:58.421Z		
2249051284	040c5662-da76-4782-a48e-cdea1892d14c	http://bins.boldsystems.org/index.php/Public_RecordView?processid=CPBOL2951-11	Plantae	Tracheophyta	Pinopsida	Pinales	Pinaceae	Picea	Picea koraiensis		SPECIES	Picea koraiensis Nakai	Picea koraiensis		CN		Heilongjiang Sheng			b3bf3a83-1f68-4541-a03f-330d30d567f5					307.0	0.0			2008-09-22T00:00:00Z	22	9	2008	5284854	5284854	MATERIAL_SAMPLE					Liu Jianquan		CC_BY_4_0	Barcode of Life Datasystems	Liu Jianquan			2019-11-13T18:32:53.866Z		
2249051283	040c5662-da76-4782-a48e-cdea1892d14c	http://bins.boldsystems.org/index.php/Public_RecordView?processid=CPBOL2949-11	Plantae	Tracheophyta	Pinopsida	Pinales	Pinaceae	Picea	Picea koraiensis		SPECIES	Picea koraiensis Nakai	Picea koraiensis		CN		Heilongjiang Sheng			b3bf3a83-1f68-4541-a03f-330d30d567f5					368.0	0.0			2008-09-22T00:00:00Z	22	9	2008	5284854	5284854	MATERIAL_SAMPLE					Liu Jianquan		CC_BY_4_0	Barcode of Life Datasystems	Liu Jianquan			2019-11-13T18:33:12.381Z		
2249051275	040c5662-da76-4782-a48e-cdea1892d14c	http://bins.boldsystems.org/index.php/Public_RecordView?processid=CPBOL2950-11	Plantae	Tracheophyta	Pinopsida	Pinales	Pinaceae	Picea	Picea koraiensis		SPECIES	Picea koraiensis Nakai	Picea koraiensis		CN		Heilongjiang Sheng			b3bf3a83-1f68-4541-a03f-330d30d567f5					364.0	0.0			2008-09-22T00:00:00Z	22	9	2008	5284854	5284854	MATERIAL_SAMPLE					Liu Jianquan		CC_BY_4_0	Barcode of Life Datasystems	Liu Jianquan			2019-11-13T18:33:03.644Z		
2235491133	50c9509d-22c7-4a22-a47d-8c48425ef4a7	https://www.inaturalist.org/observations/21759880	Plantae	Tracheophyta	Pinopsida	Pinales	Pinaceae	Picea	Picea koraiensis		SPECIES	Picea koraiensis Nakai	Picea koraiensis		RU		Primor'ye			28eb1a3f-1c15-4a95-931a-4af90ecb574d	44.595759	135.455569	61.0						2010-10-18T13:15:00Z	18	10	2010	5284854	5284854	HUMAN_OBSERVATION	iNaturalist	Observations	21759880			2019-03-30T01:00:30Z	CC_BY_NC_4_0	Gularjanz Grigoryi Mihajlovich	Gularjanz Grigoryi Mihajlovich			2020-01-23T00:10:18.066Z	StillImage	COORDINATE_ROUNDED;GEODETIC_DATUM_ASSUMED_WGS84
2235470671	50c9509d-22c7-4a22-a47d-8c48425ef4a7	https://www.inaturalist.org/observations/19885554	Plantae	Tracheophyta	Pinopsida	Pinales	Pinaceae	Picea	Picea koraiensis		SPECIES	Picea koraiensis Nakai	Picea koraiensis		RU		Amur			28eb1a3f-1c15-4a95-931a-4af90ecb574d	54.090182	127.202953	31.0						2016-08-31T11:26:00Z	31	8	2016	5284854	5284854	HUMAN_OBSERVATION	iNaturalist	Observations	19885554			2019-01-26T19:18:55Z	CC_BY_NC_4_0	Сергей Дудов	Сергей Дудов			2020-01-23T00:11:20.752Z	StillImage	COORDINATE_ROUNDED;GEODETIC_DATUM_ASSUMED_WGS84
2234743171	50c9509d-22c7-4a22-a47d-8c48425ef4a7	https://www.inaturalist.org/observations/21474027	Plantae	Tracheophyta	Pinopsida	Pinales	Pinaceae	Picea	Picea koraiensis		SPECIES	Picea koraiensis Nakai	Picea koraiensis		RU		Primor'ye			28eb1a3f-1c15-4a95-931a-4af90ecb574d	44.247409	135.0606	31.0						2018-06-19T10:24:00Z	19	6	2018	5284854	5284854	HUMAN_OBSERVATION	iNaturalist	Observations	21474027			2019-03-22T04:27:04Z	CC_BY_NC_4_0	V.S. Volkotrub	V.S. Volkotrub			2020-01-23T00:09:47.965Z	StillImage	COORDINATE_ROUNDED;GEODETIC_DATUM_ASSUMED_WGS84
2200591093	266726e3-9f9b-44ed-86f2-d590f6c9626e	SNUA:23581	Plantae	Tracheophyta	Pinopsida	Pinales	Pinaceae	Picea	Picea koraiensis		SPECIES	Picea koraiensis Nakai	Picea koraiensis Nakai	Nakai	KR	광릉 Gwangneung	Gyeonggi-do			7cd70147-b83d-453f-8c6c-d4b208a5b532	37.750556	127.163889	2000.0						1973-09-30T00:00:00Z	30	9	1973	5284854	5284854	PRESERVED_SPECIMEN	SNUA		SNUA:23581	TBLee s.n.	Chang, C.S.		CC_BY_NC_4_0		Lee, T.B.			2019-11-13T15:24:26.159Z		
2200379772	266726e3-9f9b-44ed-86f2-d590f6c9626e	SNUA:8425	Plantae	Tracheophyta	Pinopsida	Pinales	Pinaceae	Picea	Picea koraiensis		SPECIES	Picea koraiensis Nakai	Picea koraiensis Nakai	Nakai	KR	Seoul National University Suwon campus	Gyeonggi-do			7cd70147-b83d-453f-8c6c-d4b208a5b532	37.26503	126.98453	200.0						1967-05-06T00:00:00Z	6	5	1967	5284854	5284854	PRESERVED_SPECIMEN	SNUA		SNUA:8425	TBLee 9488	Chang, C.S.		CC_BY_NC_4_0		Lee, T.B.			2019-11-13T15:24:27.154Z		
1990231497	707e1918-0999-4f2f-9ad1-22c0be104861	9b430b1f-8dc6-4d15-ba13-82f8ba501041	Plantae	Tracheophyta	Pinopsida	Pinales	Pinaceae	Picea	Picea koraiensis		SPECIES	Picea koraiensis Nakai	Picea koraiensis	Nakai	KR	Kwang Neung Nat'l Forest. ca. 12 miles northeast of Uijongbu. Intermingled and interacting communities of conifer and deciduous in climax conditions for elevation and mountain topography where found.				0f0c387a-64ec-4eaa-b590-e09b0f11c94f									1963-09-01T00:00:00Z	1	9	1963	5284854	5284854	PRESERVED_SPECIMEN	NCSC	NCSC	NCSC00002069	996			CC_BY_4_0		Richard J. Kramer			2019-11-13T15:35:15.343Z	StillImage	COORDINATE_INVALID
1989515634	c8d12f8a-7e39-4e2c-92d7-825d590ad15b	f487dcb7-4370-4080-91fc-2edd611f5e4b	Plantae	Tracheophyta	Pinopsida	Pinales	Pinaceae	Picea	Picea koraiensis		SPECIES	Picea koraiensis Nakai	Picea koraiensis		KP	Tang-dong, Mosen-Gun, Hamgyong-Pukto	North Hamgyong (Hamgyŏng-bukdo)			174c6da2-e002-42fe-9f56-2f9d670240f4									1936-09-10T00:00:00Z	10	9	1936	5284854	5284854	PRESERVED_SPECIMEN	MICH	Gymnosperms	1005595				CC_BY_NC_4_0		S. Ishikawa			2019-12-30T15:35:22.390Z		
1988793250	c8d12f8a-7e39-4e2c-92d7-825d590ad15b	3470e39a-1197-496b-8be9-6d36d6b5e3d6	Plantae	Tracheophyta	Pinopsida	Pinales	Pinaceae	Picea	Picea koraiensis		SPECIES	Picea koraiensis Nakai	Picea koraiensis		KR	Seoul National Forest Exp. Station	no data			174c6da2-e002-42fe-9f56-2f9d670240f4									1947-09-01T00:00:00Z		9	1947	5284854	5284854	PRESERVED_SPECIMEN	MICH	Gymnosperms	1214661				CC_BY_NC_4_0		Chung In-Cho			2019-12-30T15:35:11.199Z		RECORDED_DATE_MISMATCH
1988099814	07fd0d79-4883-435f-bba1-58fef110cd13	CCB77089-27D5-B44C-A17F-6D37F6424C93	Plantae	Tracheophyta	Pinopsida	Pinales	Pinaceae	Picea	Picea koraiensis		SPECIES	Picea koraiensis Nakai	Picea koraiensis Nakai	Nakai	RU	valley of akura River	Khabarovsky, sovgavan region			b542788f-0dc2-4a2b-b652-fceced449591									1972-08-09T00:00:00Z	9	8	1972	5284854	5284854	PRESERVED_SPECIMEN	ca.ubc	UBCVascular	V164525				CC0_1_0	University of British Columbia	S. Rechan			2019-11-13T21:01:28.556Z		
1808479620	9aa00786-772a-46d4-8fe1-ac6d8926a040		Plantae	Tracheophyta	Pinopsida	Pinales	Pinaceae	Picea	Picea koraiensis		SPECIES	Picea koraiensis Nakai	Picea koraiensis Nakai							eb07eeb0-3db9-11d9-8439-b8a03c50a862									2012-01-01T00:00:00Z	1	1	2012	5284854	5284854	PRESERVED_SPECIMEN	NIBR	PL	NIBRGR0000100294				CC_BY_NC_4_0					2019-11-13T16:49:39.711Z		
1808477452	9aa00786-772a-46d4-8fe1-ac6d8926a040		Plantae	Tracheophyta	Pinopsida	Pinales	Pinaceae	Picea	Picea koraiensis		SPECIES	Picea koraiensis Nakai	Picea koraiensis Nakai							eb07eeb0-3db9-11d9-8439-b8a03c50a862									2012-01-01T00:00:00Z	1	1	2012	5284854	5284854	PRESERVED_SPECIMEN	NIBR	PL	NIBRGR0000100445				CC_BY_NC_4_0					2019-11-13T16:49:39.679Z		
1808477416	9aa00786-772a-46d4-8fe1-ac6d8926a040		Plantae	Tracheophyta	Pinopsida	Pinales	Pinaceae	Picea	Picea koraiensis		SPECIES	Picea koraiensis Nakai	Picea koraiensis Nakai							eb07eeb0-3db9-11d9-8439-b8a03c50a862									2012-01-01T00:00:00Z	1	1	2012	5284854	5284854	PRESERVED_SPECIMEN	NIBR	PL	NIBRGR0000100507				CC_BY_NC_4_0					2019-11-13T16:49:39.679Z		
1808477111	9aa00786-772a-46d4-8fe1-ac6d8926a040		Plantae	Tracheophyta	Pinopsida	Pinales	Pinaceae	Picea	Picea koraiensis		SPECIES	Picea koraiensis Nakai	Picea koraiensis Nakai							eb07eeb0-3db9-11d9-8439-b8a03c50a862									2012-01-01T00:00:00Z	1	1	2012	5284854	5284854	PRESERVED_SPECIMEN	NIBR	PL	NIBRGR0000100508				CC_BY_NC_4_0					2019-11-13T16:49:42.340Z		
1808473892	9aa00786-772a-46d4-8fe1-ac6d8926a040		Plantae	Tracheophyta	Pinopsida	Pinales	Pinaceae	Picea	Picea koraiensis		SPECIES	Picea koraiensis Nakai	Picea koraiensis Nakai							eb07eeb0-3db9-11d9-8439-b8a03c50a862									2012-01-01T00:00:00Z	1	1	2012	5284854	5284854	PRESERVED_SPECIMEN	NIBR	PL	NIBRGR0000100443				CC_BY_NC_4_0					2019-11-13T16:49:42.415Z		
1808473849	9aa00786-772a-46d4-8fe1-ac6d8926a040		Plantae	Tracheophyta	Pinopsida	Pinales	Pinaceae	Picea	Picea koraiensis		SPECIES	Picea koraiensis Nakai	Picea koraiensis Nakai							eb07eeb0-3db9-11d9-8439-b8a03c50a862									2012-01-01T00:00:00Z	1	1	2012	5284854	5284854	PRESERVED_SPECIMEN	NIBR	PL	NIBRGR0000100444				CC_BY_NC_4_0					2019-11-13T16:49:42.575Z		
1802627455	50c9509d-22c7-4a22-a47d-8c48425ef4a7	http://naturewatch.org.nz/observations/7210698	Plantae	Tracheophyta	Pinopsida	Pinales	Pinaceae	Picea	Picea koraiensis		SPECIES	Picea koraiensis Nakai	Picea koraiensis		KP		Ryanggang			28eb1a3f-1c15-4a95-931a-4af90ecb574d	41.993985	128.228172	27723.0						2017-07-12T18:32:00Z	12	7	2017	5284854	5284854	HUMAN_OBSERVATION	iNaturalist	Observations	7210698			2017-12-19T20:20:37Z	CC_BY_NC_4_0	Bruce Calvert	Bruce Calvert			2020-01-23T00:10:00.174Z	StillImage	COORDINATE_ROUNDED;GEODETIC_DATUM_ASSUMED_WGS84
1801059680	902c8fe7-8f38-45b0-854e-c324fed36303	MW0159770	Plantae	Tracheophyta	Pinopsida	Pinales	Pinaceae	Picea	Picea koraiensis		SPECIES	Picea koraiensis Nakai	Picea koraiensis		RU		Amur Oblast	present		f5fc4e61-b7a0-414b-ab68-b41cb23e7fdc	54.1022	127.268			373.0				2016-08-31T00:00:00Z	31	8	2016	5284854	5284854	PRESERVED_SPECIMEN	Moscow State University	MW	MW0159770	2016_S_141			CC_BY_4_0	Moscow State University	S.V. Dudov|M.N. Kozhin			2020-01-22T17:39:37.245Z	StillImage	
1801059667	902c8fe7-8f38-45b0-854e-c324fed36303	MW0159769	Plantae	Tracheophyta	Pinopsida	Pinales	Pinaceae	Picea	Picea koraiensis		SPECIES	Picea koraiensis Nakai	Picea koraiensis		RU		Amur Oblast	present		f5fc4e61-b7a0-414b-ab68-b41cb23e7fdc	54.1022	127.268			373.0				2016-08-31T00:00:00Z	31	8	2016	5284854	5284854	PRESERVED_SPECIMEN	Moscow State University	MW	MW0159769	2016_S_134			CC_BY_4_0	Moscow State University	S.V. Dudov|M.N. Kozhin			2020-01-22T17:39:37.079Z	StillImage	MULTIMEDIA_URI_INVALID
1801059663	902c8fe7-8f38-45b0-854e-c324fed36303	MW0159768	Plantae	Tracheophyta	Pinopsida	Pinales	Pinaceae	Picea	Picea koraiensis		SPECIES	Picea koraiensis Nakai	Picea koraiensis		RU		Amur Oblast	present		f5fc4e61-b7a0-414b-ab68-b41cb23e7fdc	54.0878	127.194			344.0				2016-08-31T00:00:00Z	31	8	2016	5284854	5284854	PRESERVED_SPECIMEN	Moscow State University	MW	MW0159768	2016_S_135			CC_BY_4_0	Moscow State University	S.V. Dudov|M.N. Kozhin			2020-01-22T17:39:37.110Z	StillImage	
1710102039	ea05dcbd-0d05-4785-9313-0ec68cb90426	urn:uuid:B84B8C38-75BA-4D8B-B95A-DD3089D3AB26	Plantae	Tracheophyta	Pinopsida	Pinales	Pinaceae	Picea	Picea koraiensis		SPECIES	Picea koraiensis Nakai	Picea koraiensis		SE					4c415e40-1e21-11de-9e40-a0d6ecebb8bf	57.683237	11.950755											5284854	5284854	LIVING_SPECIMEN	GBG	GBG	1980-0015/2			0000-12-30T00:00:00Z	CC0_1_0	Göteborgs botaniska trädgård, Sweden				2019-12-15T10:26:14.422Z		COORDINATE_ROUNDED;GEODETIC_DATUM_ASSUMED_WGS84;IDENTIFIED_DATE_UNLIKELY
1710097502	ea05dcbd-0d05-4785-9313-0ec68cb90426	urn:uuid:FC31DD99-E89E-4CC6-819D-7D9A7BC3AC5D	Plantae	Tracheophyta	Pinopsida	Pinales	Pinaceae	Picea	Picea koraiensis		SPECIES	Picea koraiensis Nakai	Picea koraiensis		SE					4c415e40-1e21-11de-9e40-a0d6ecebb8bf	57.683237	11.950755											5284854	5284854	LIVING_SPECIMEN	GBG	GBG	1956-0004/3			0000-12-30T00:00:00Z	CC0_1_0	Göteborgs botaniska trädgård, Sweden	Tigerstedt			2019-12-15T10:26:14.760Z		COORDINATE_ROUNDED;GEODETIC_DATUM_ASSUMED_WGS84;IDENTIFIED_DATE_UNLIKELY
1699356276	aab0cf80-0c64-11dd-84d1-b8a03c50a862	LD:General:1974236	Plantae	Tracheophyta	Pinopsida	Pinales	Pinaceae	Picea	Picea koraiensis		SPECIES	Picea pungsanensis Uyeki ex Nakai	Picea pungsaniensis		FI	Punkaharju Reserach Forest	Savonia australis		1	883ee5d0-9177-423d-a636-0284e8a4de46	61.806667	29.315556							1981-11-04T00:00:00Z	4	11	1981	5284856	5284854	PRESERVED_SPECIMEN	LD	General	1974236				CC_BY_NC_4_0		Pentti Alanko			2020-01-24T16:57:42.221Z		COORDINATE_ROUNDED;GEODETIC_DATUM_ASSUMED_WGS84;TAXON_MATCH_FUZZY
1697158679	902c8fe7-8f38-45b0-854e-c324fed36303	MW0000726	Plantae	Tracheophyta	Pinopsida	Pinales	Pinaceae	Picea	Picea koraiensis		SPECIES	Picea koraiensis Nakai	Picea koraiensis		RU		Primorsky Krai	present		f5fc4e61-b7a0-414b-ab68-b41cb23e7fdc	43.696186	134.147636							1946-07-13T00:00:00Z	13	7	1946	5284854	5284854	PRESERVED_SPECIMEN	Moscow State University	MW	MW0000726	246	Zhudova P.		CC_BY_4_0	Moscow State University	Zhudova P.|Kurkin K.			2020-01-22T17:40:33.883Z	StillImage	
1697158670	902c8fe7-8f38-45b0-854e-c324fed36303	MW0000725	Plantae	Tracheophyta	Pinopsida	Pinales	Pinaceae	Picea	Picea koraiensis		SPECIES	Picea koraiensis Nakai	Picea koraiensis		RU		Primorsky Krai	present		f5fc4e61-b7a0-414b-ab68-b41cb23e7fdc	43.6486	132.900607							1971-07-20T00:00:00Z	20	7	1971	5284854	5284854	PRESERVED_SPECIMEN	Moscow State University	MW	MW0000725				CC_BY_4_0	Moscow State University	Zhurba O.			2020-01-22T17:40:34.607Z	StillImage	
1697158667	902c8fe7-8f38-45b0-854e-c324fed36303	MW0000728	Plantae	Tracheophyta	Pinopsida	Pinales	Pinaceae	Picea	Picea koraiensis		SPECIES	Picea koraiensis Nakai	Picea koraiensis		RU		Primorsky Krai	present		f5fc4e61-b7a0-414b-ab68-b41cb23e7fdc	43.6486	132.900607							1971-07-20T00:00:00Z	20	7	1971	5284854	5284854	PRESERVED_SPECIMEN	Moscow State University	MW	MW0000728				CC_BY_4_0	Moscow State University	Zhurba O.			2020-01-22T17:39:31.278Z	StillImage	
1697158657	902c8fe7-8f38-45b0-854e-c324fed36303	MW0000724	Plantae	Tracheophyta	Pinopsida	Pinales	Pinaceae	Picea	Picea koraiensis		SPECIES	Picea koraiensis Nakai	Picea koraiensis		RU		Primorsky Krai	present		f5fc4e61-b7a0-414b-ab68-b41cb23e7fdc	43.6486	132.900607							1971-07-20T00:00:00Z	20	7	1971	5284854	5284854	PRESERVED_SPECIMEN	Moscow State University	MW	MW0000724				CC_BY_4_0	Moscow State University	Zhurba O.			2020-01-22T17:40:33.889Z	StillImage	
1697158633	902c8fe7-8f38-45b0-854e-c324fed36303	MW0000727	Plantae	Tracheophyta	Pinopsida	Pinales	Pinaceae	Picea	Picea koraiensis		SPECIES	Picea koraiensis Nakai	Picea koraiensis		RU		Primorsky Krai	present		f5fc4e61-b7a0-414b-ab68-b41cb23e7fdc	45.856355	136.809939							1937-09-06T00:00:00Z	6	9	1937	5284854	5284854	PRESERVED_SPECIMEN	Moscow State University	MW	MW0000727				CC_BY_4_0	Moscow State University	Kolesnikov B.			2020-01-22T17:39:31.306Z	StillImage	
1697158609	902c8fe7-8f38-45b0-854e-c324fed36303	MW0000723	Plantae	Tracheophyta	Pinopsida	Pinales	Pinaceae	Picea	Picea koraiensis		SPECIES	Picea koraiensis Nakai	Picea koraiensis		RU		Primorsky Krai	present		f5fc4e61-b7a0-414b-ab68-b41cb23e7fdc	43.1852	133.994778							1945-07-09T00:00:00Z	9	7	1945	5284854	5284854	PRESERVED_SPECIMEN	Moscow State University	MW	MW0000723	245	Identified by the collector		CC_BY_4_0	Moscow State University	Zhudova P.			2020-01-22T17:40:34.137Z	StillImage	
1320948360	821cc27a-e3bb-4bc5-ac34-89ada245069d	http://n2t.net/ark:/65665/3a5b083a8-5ce1-4e40-87b5-7a37fc8d1724	Plantae	Tracheophyta	Pinopsida	Pinales	Pinaceae	Picea	Picea koraiensis		SPECIES	Picea koraiensis Nakai	Picea koraiensis		JP	Chosen, Keizanchin			1	bc092ff0-02e4-11dc-991f-b8a03c50a862													5284854	5284854	PRESERVED_SPECIMEN	US	Botany	USw5094	s.n.			CC0_1_0		Collector unknown			2020-01-15T13:05:27.407Z		
1303834684	246ad1f8-e75c-419d-b97e-16dde697ae30	2248040	Plantae	Tracheophyta	Pinopsida	Pinales	Pinaceae	Picea	Picea koraiensis		SPECIES	Picea koraiensis Nakai	Picea koraiensis		CN	西北部玉巴甸途中纯林	云南			a2fa5b68-3ebf-4845-abc5-f456d251386f	26.876096	100.229945							1944-01-01T00:00:00Z			1944	5284854	5284854	PRESERVED_SPECIMEN	IBSC		fb9d25ce-b6bf-11e1-8c2f-acd112e444a7				CC_BY_4_0		K.M.Feng			2019-11-13T18:20:46.275Z		COORDINATE_ROUNDED;GEODETIC_DATUM_ASSUMED_WGS84
1303834671	246ad1f8-e75c-419d-b97e-16dde697ae30	2248041	Plantae	Tracheophyta	Pinopsida	Pinales	Pinaceae	Picea	Picea koraiensis		SPECIES	Picea koraiensis Nakai	Picea koraiensis		CN	西北部巴甸龙罗图沟边林中	云南			a2fa5b68-3ebf-4845-abc5-f456d251386f	26.876096	100.229945							1944-01-01T00:00:00Z			1944	5284854	5284854	PRESERVED_SPECIMEN	IBSC		fb9d255b-b6bf-11e1-8c2f-acd112e444a7				CC_BY_4_0		K.M.Feng			2019-11-13T18:20:43.953Z		COORDINATE_ROUNDED;GEODETIC_DATUM_ASSUMED_WGS84
1303800957	f9336171-e9a9-4147-b9f6-2d6c133afffd	6664919	Plantae	Tracheophyta	Pinopsida	Pinales	Pinaceae	Picea	Picea koraiensis		SPECIES	Picea koraiensis Nakai	Picea koraiensis		CN		辽宁			a2fa5b68-3ebf-4845-abc5-f456d251386f									1936-01-01T00:00:00Z			1936	5284854	5284854	PRESERVED_SPECIMEN	PE		dbbeeb48-b6bf-11e1-8c2f-acd112e444a7				CC_BY_4_0		J.sato			2019-11-13T18:20:58.508Z		
1303800937	f9336171-e9a9-4147-b9f6-2d6c133afffd	6664990	Plantae	Tracheophyta	Pinopsida	Pinales	Pinaceae	Picea	Picea koraiensis		SPECIES	Picea koraiensis Nakai	Picea koraiensis		CN		辽宁			a2fa5b68-3ebf-4845-abc5-f456d251386f									1935-01-01T00:00:00Z			1935	5284854	5284854	PRESERVED_SPECIMEN	PE		dbbecc52-b6bf-11e1-8c2f-acd112e444a7				CC_BY_4_0		M.N.E.			2019-11-13T18:20:59.878Z		
1303800926	f9336171-e9a9-4147-b9f6-2d6c133afffd	6664927	Plantae	Tracheophyta	Pinopsida	Pinales	Pinaceae	Picea	Picea koraiensis		SPECIES	Picea koraiensis Nakai	Picea koraiensis		CN		内蒙古			a2fa5b68-3ebf-4845-abc5-f456d251386f									1935-01-01T00:00:00Z			1935	5284854	5284854	PRESERVED_SPECIMEN	PE		dbbee7c3-b6bf-11e1-8c2f-acd112e444a7				CC_BY_4_0					2019-11-13T18:20:59.773Z		
1303800918	f9336171-e9a9-4147-b9f6-2d6c133afffd	6664954	Plantae	Tracheophyta	Pinopsida	Pinales	Pinaceae	Picea	Picea koraiensis		SPECIES	Picea koraiensis Nakai	Picea koraiensis		CN	瑷珲	黑龙江			a2fa5b68-3ebf-4845-abc5-f456d251386f									1936-01-01T00:00:00Z			1936	5284854	5284854	PRESERVED_SPECIMEN	PE		dbbedbf2-b6bf-11e1-8c2f-acd112e444a7				CC_BY_4_0		J.sato			2019-11-13T18:20:59.917Z		
1303800917	f9336171-e9a9-4147-b9f6-2d6c133afffd	6664944	Plantae	Tracheophyta	Pinopsida	Pinales	Pinaceae	Picea	Picea koraiensis		SPECIES	Picea koraiensis Nakai	Picea koraiensis		CN		吉林			a2fa5b68-3ebf-4845-abc5-f456d251386f									1937-01-01T00:00:00Z			1937	5284854	5284854	PRESERVED_SPECIMEN	PE		dbbee055-b6bf-11e1-8c2f-acd112e444a7				CC_BY_4_0		J.sato			2019-11-13T18:20:59.773Z		
1303800916	f9336171-e9a9-4147-b9f6-2d6c133afffd	6664917	Plantae	Tracheophyta	Pinopsida	Pinales	Pinaceae	Picea	Picea koraiensis		SPECIES	Picea koraiensis Nakai	Picea koraiensis		CN		内蒙古			a2fa5b68-3ebf-4845-abc5-f456d251386f									1940-01-01T00:00:00Z			1940	5284854	5284854	PRESERVED_SPECIMEN	PE		dbbeec2e-b6bf-11e1-8c2f-acd112e444a7				CC_BY_4_0		J.sato			2019-11-13T18:20:59.850Z		
1303800912	f9336171-e9a9-4147-b9f6-2d6c133afffd	6664916	Plantae	Tracheophyta	Pinopsida	Pinales	Pinaceae	Picea	Picea koraiensis		SPECIES	Picea koraiensis Nakai	Picea koraiensis		CN	多伦	内蒙古			a2fa5b68-3ebf-4845-abc5-f456d251386f	41.436356	113.191313							1949-01-01T00:00:00Z			1949	5284854	5284854	PRESERVED_SPECIMEN	PE		dbbeecad-b6bf-11e1-8c2f-acd112e444a7				CC_BY_4_0		崔友文			2019-11-13T18:20:58.453Z		COORDINATE_ROUNDED;GEODETIC_DATUM_ASSUMED_WGS84
1303800905	f9336171-e9a9-4147-b9f6-2d6c133afffd	6664960	Plantae	Tracheophyta	Pinopsida	Pinales	Pinaceae	Picea	Picea koraiensis		SPECIES	Picea koraiensis Nakai	Picea koraiensis		CN	穆棱	黑龙江			a2fa5b68-3ebf-4845-abc5-f456d251386f									1936-01-01T00:00:00Z			1936	5284854	5284854	PRESERVED_SPECIMEN	PE		dbbed95d-b6bf-11e1-8c2f-acd112e444a7				CC_BY_4_0		J.Sato.			2019-11-13T18:20:58.494Z		
1303800904	f9336171-e9a9-4147-b9f6-2d6c133afffd	6664918	Plantae	Tracheophyta	Pinopsida	Pinales	Pinaceae	Picea	Picea koraiensis		SPECIES	Picea koraiensis Nakai	Picea koraiensis		CN		内蒙古			a2fa5b68-3ebf-4845-abc5-f456d251386f									1940-01-01T00:00:00Z			1940	5284854	5284854	PRESERVED_SPECIMEN	PE		dbbeebb8-b6bf-11e1-8c2f-acd112e444a7				CC_BY_4_0		J.sato			2019-11-13T18:20:58.419Z		
1303800882	f9336171-e9a9-4147-b9f6-2d6c133afffd	6664953	Plantae	Tracheophyta	Pinopsida	Pinales	Pinaceae	Picea	Picea koraiensis		SPECIES	Picea koraiensis Nakai	Picea koraiensis		CN		黑龙江			a2fa5b68-3ebf-4845-abc5-f456d251386f									1936-01-01T00:00:00Z			1936	5284854	5284854	PRESERVED_SPECIMEN	PE		dbbedc60-b6bf-11e1-8c2f-acd112e444a7				CC_BY_4_0		J.sato			2019-11-13T18:20:59.916Z		
1303800881	f9336171-e9a9-4147-b9f6-2d6c133afffd	6664955	Plantae	Tracheophyta	Pinopsida	Pinales	Pinaceae	Picea	Picea koraiensis		SPECIES	Picea koraiensis Nakai	Picea koraiensis		CN		黑龙江			a2fa5b68-3ebf-4845-abc5-f456d251386f	45.973419	126.723787							1934-01-01T00:00:00Z			1934	5284854	5284854	PRESERVED_SPECIMEN	PE		dbbedb84-b6bf-11e1-8c2f-acd112e444a7				CC_BY_4_0		J.sato			2019-11-13T18:20:59.773Z		COORDINATE_ROUNDED;GEODETIC_DATUM_ASSUMED_WGS84
1261417193	7bd65a7a-f762-11e1-a439-00145eb45e9a	urn:catalog:MO:Tropicos:699855	Plantae	Tracheophyta	Pinopsida	Pinales	Pinaceae	Picea	Picea koraiensis		SPECIES	Picea koraiensis Nakai	Picea koraiensis Nakai	Nakai	RU	Partizansky District, 26.6 km SE of Monakino village along the Alexeyevka River.  Southern slopes of Olkhovaya Mountain.  Forest of Acer, Betula, Picea, and Pinus.	Primor'ye		2	90fd6680-349f-11d8-aa2d-b8a03c50a862	43.305278	133.671111			700.0	100.0			1993-09-21T00:00:00Z	21	9	1993	5284854	5284854	PRESERVED_SPECIMEN	MO	MO	699855	Solomon 19952	J.C. Solomon (MO)	1994-01-01T00:00:00Z	CC_BY_4_0	Missouri Botanical Garden	James C. Solomon|V. Barkalov			2020-01-24T10:50:04.131Z		COORDINATE_ROUNDED;GEODETIC_DATUM_ASSUMED_WGS84
1258645939	7bd65a7a-f762-11e1-a439-00145eb45e9a	urn:catalog:MO:Tropicos:1419886	Plantae	Tracheophyta	Pinopsida	Pinales	Pinaceae	Picea	Picea koraiensis		SPECIES	Picea koraiensis Nakai	Picea koraiensis Nakai	Nakai	CN					90fd6680-349f-11d8-aa2d-b8a03c50a862					780.0				1990-08-21T00:00:00Z	21	8	1990	5284854	5284854	PRESERVED_SPECIMEN	MO	MO	1419886	Lin 8213	T.D. Zhuang	1997-01-01T00:00:00Z	CC_BY_4_0	Missouri Botanical Garden	X. Lin			2020-01-24T10:50:30.266Z		
1148648416	46239994-a621-4d41-9556-e53e0e9bed63	827677	Plantae	Tracheophyta	Pinopsida	Pinales	Pinaceae	Picea	Picea koraiensis		SPECIES	Picea koraiensis Nakai	Picea koraiensis Nakai		EE	Pirita linnaosa, Kochi kabeli juures				0870a77b-587c-4369-a8ed-bc3d347b8e1c	59.46309	24.8341							2012-07-02T00:00:00Z	2	7	2012	5284854	5284854	PRESERVED_SPECIMEN	TALL		TALL A¤V387		Anu Kaur	2012-07-02T00:00:00Z	CC_BY_NC_4_0		Anu Kaur			2019-12-04T20:44:11.948Z		GEODETIC_DATUM_ASSUMED_WGS84
1148625514	46239994-a621-4d41-9556-e53e0e9bed63	389227	Plantae	Tracheophyta	Pinopsida	Pinales	Pinaceae	Picea	Picea koraiensis		SPECIES	Picea koraiensis Nakai	Picea koraiensis Nakai		EE	Järvselja, Rõkka.				0870a77b-587c-4369-a8ed-bc3d347b8e1c	58.25	27.249993	7416.0						1967-02-14T00:00:00Z	14	2	1967	5284854	5284854	PRESERVED_SPECIMEN	TALL		TALL A¤V146		Jüri Elliku		CC_BY_NC_4_0		Aleksei Paivel			2019-12-04T20:44:32.276Z	StillImage	COORDINATE_ROUNDED;GEODETIC_DATUM_ASSUMED_WGS84
1148620855	46239994-a621-4d41-9556-e53e0e9bed63	320971	Plantae	Tracheophyta	Pinopsida	Pinales	Pinaceae	Picea	Picea koraiensis		SPECIES	Picea koraiensis Nakai	Picea koraiensis Nakai		EE	Saare talu, H. Karise arboreetum				0870a77b-587c-4369-a8ed-bc3d347b8e1c									1994-04-21T00:00:00Z	21	4	1994	5284854	5284854	PRESERVED_SPECIMEN	TALL		TALL A¤V145		J. Elliku		CC_BY_NC_4_0		J. Elliku			2019-12-04T20:44:31.690Z	StillImage	
1148620838	46239994-a621-4d41-9556-e53e0e9bed63	320978	Plantae	Tracheophyta	Pinopsida	Pinales	Pinaceae	Picea	Picea koraiensis		SPECIES	Picea koraiensis Nakai	Picea koraiensis Nakai		EE	Tallinna Botaanikaaia dendraarium				0870a77b-587c-4369-a8ed-bc3d347b8e1c									1995-09-18T00:00:00Z	18	9	1995	5284854	5284854	PRESERVED_SPECIMEN	TALL		TALL A¤V147		J. Elliku		CC_BY_NC_4_0		J. Elliku			2019-12-04T20:44:31.603Z	StillImage	
1144500417	7b1c360e-f762-11e1-a439-00145eb45e9a		Plantae	Tracheophyta	Pinopsida	Pinales	Pinaceae	Picea	Picea koraiensis		SPECIES	Picea koraiensis Nakai	Picea koraiensis Nakai		KR	Hyeon-dong	Gyeongsangnam-do			f7023470-0211-11de-8f36-b8a03c50a862													5284854	5284854	HUMAN_OBSERVATION	GFEI	PL	JNHM-PL-0005798		Kim I-man, Yu Jong-geun, Kim Tae-ok		CC_BY_NC_4_0					2019-11-14T08:55:22.693Z		
1144499900	7b1c360e-f762-11e1-a439-00145eb45e9a		Plantae	Tracheophyta	Pinopsida	Pinales	Pinaceae	Picea	Picea koraiensis		SPECIES	Picea koraiensis Nakai	Picea koraiensis Nakai		KR	Hoegi-dong	Seoul Metropolitan Government			f7023470-0211-11de-8f36-b8a03c50a862													5284854	5284854	HUMAN_OBSERVATION	GFEI	PL	JNHM-PL-0006303		Kim I-man		CC_BY_NC_4_0					2019-11-14T08:55:22.634Z		
1143573528	bf2a4bf0-5f31-11de-b67e-b8a03c50a862	http://data.rbge.org.uk/herb/E00705587	Plantae	Tracheophyta	Pinopsida	Pinales	Pinaceae	Picea	Picea koraiensis		SPECIES	Picea koraiensis Nakai	Picea koraiensis Nakai		CN	"""Manchuria"""	Nei Mongol (Inner Mongolia) Aut. Reg.			98e934b0-5f31-11de-b67e-b8a03c50a862	47.0	121.0			375.0	25.0							5284854	5284854	PRESERVED_SPECIMEN	E	E	E00705587				CC_BY_NC_4_0					2019-11-13T23:15:38.009Z	StillImage	GEODETIC_DATUM_ASSUMED_WGS84
1090350240	b929f23d-290f-4e85-8f17-764c55b3b284	961de070-0e80-4b8d-b710-dab379656523	Plantae	Tracheophyta	Pinopsida	Pinales	Pinaceae	Picea	Picea koraiensis		SPECIES	Picea pungsanensis Uyeki ex Nakai	Picea pungsanensis	Uyeki ex Nakai	FI	South-Savo (ES/Sa); Punkaharju, Experimental forest of Forerst Research Institute. In plot B7-80 (Dendrological Park)				90cc71b0-055b-11d8-b84e-b8a03c50a862	61.7833	29.3							1981-11-04T00:00:00Z	4	11	1981	5284856	5284854	PRESERVED_SPECIMEN	BPBM	BISH	654952	Collector Number: 41985			CC0_1_0	Bernice Pauahi Bishop Museum	Alanko, P.			2019-11-13T20:21:55.252Z		GEODETIC_DATUM_ASSUMED_WGS84;PRESUMED_NEGATED_LONGITUDE
1030865048	249ec6d9-ce13-4096-baf5-42130fc3d0b1	4144742	Plantae	Tracheophyta	Pinopsida	Pinales	Pinaceae	Picea	Picea koraiensis		SPECIES	Picea koraiensis Nakai	Picea koraiensis		CN	长白山保护局白山站	吉林			a2fa5b68-3ebf-4845-abc5-f456d251386f	42.786504	128.514494							1975-01-01T00:00:00Z			1975	5284854	5284854	PRESERVED_SPECIMEN	CDBI		eaeb4415-b6bf-11e1-8c2f-acd112e444a7				CC_BY_4_0		四川植被队			2019-11-13T19:19:44.697Z		COORDINATE_ROUNDED;GEODETIC_DATUM_ASSUMED_WGS84
1030698508	614d7304-af7c-4613-81d8-488e81e28229	3298614	Plantae	Tracheophyta	Pinopsida	Pinales	Pinaceae	Picea	Picea koraiensis		SPECIES	Picea koraiensis Nakai	Picea koraiensis		CN	刘家蹚子-四平街	吉林			a2fa5b68-3ebf-4845-abc5-f456d251386f	42.341933	127.280731							1950-01-01T00:00:00Z			1950	5284854	5284854	PRESERVED_SPECIMEN	NAS		f0eb61f4-b6bf-11e1-8c2f-acd112e444a7				CC_BY_4_0		野田光藏，等			2019-11-13T19:19:54.031Z		COORDINATE_ROUNDED;GEODETIC_DATUM_ASSUMED_WGS84
1020039362	cd6e21c8-9e8a-493a-8a76-fbf7862069e5	http://specimens.kew.org/herbarium/K000340378	Plantae	Tracheophyta	Pinopsida	Pinales	Pinaceae	Picea	Picea koraiensis	koraiensis	VARIETY	Picea koraiensis var. koraiensis	Picea koraiensis Nakai var. koraiensis	Nakai	KP	"[""first one seen Jyosohyo to Enshamen""]"				061b4f20-f241-11da-a328-b8a03c50a862									1917-08-18T00:00:00Z	18	8	1917	7230717	5284854	PRESERVED_SPECIMEN	K	Herbarium	K000340378	8949	Farjon, A.		CC_BY_4_0		Wilson, E.H.			2019-11-13T19:39:32.321Z	StillImage	
900381106	8433c45a-f762-11e1-a439-00145eb45e9a		Plantae	Tracheophyta	Pinopsida	Pinales	Pinaceae	Picea	Picea koraiensis		SPECIES	Picea tonaiensis Nakai	Picea tonaiensis Nak.		KP		Yang Gang-do			657b7bf0-766b-11d9-9f77-b8a03c50a862													5284860	5284854	HUMAN_OBSERVATION	KIDR	PL	ko_438				CC_BY_NC_4_0					2019-11-14T16:03:39.147Z		
900381065	8433c45a-f762-11e1-a439-00145eb45e9a		Plantae	Tracheophyta	Pinopsida	Pinales	Pinaceae	Picea	Picea koraiensis		SPECIES	Picea koraiensis Nakai	Picea koraiensis Nak.		KP		Yang Gang-do			657b7bf0-766b-11d9-9f77-b8a03c50a862													5284854	5284854	HUMAN_OBSERVATION	KIDR	PL	ko_383				CC_BY_NC_4_0					2019-11-14T16:03:39.145Z		
889872107	961a5ce1-f843-4e75-86a6-51aa959fc12c		Plantae	Tracheophyta	Pinopsida	Pinales	Pinaceae	Picea	Picea koraiensis	tonaiensis	VARIETY	Picea koraiensis var. tonaiensis (Nakai) T.Lee	Picea koraiensis var. tonaiensis (Nakai) T.B.Lee		KR		Gangwon-do			ce3cfcc0-6d56-11db-a819-b8a03c50a862									1967-05-06T00:00:00Z	6	5	1967	7666687	5284854	PRESERVED_SPECIMEN	KNA	Plant	KNKA200405172024		Mi Girok	1967-05-06T00:00:00Z	CC_BY_4_0		Lee Changbok			2020-01-23T00:19:04.236Z		
889872105	961a5ce1-f843-4e75-86a6-51aa959fc12c		Plantae	Tracheophyta	Pinopsida	Pinales	Pinaceae	Picea	Picea koraiensis	intercedens	VARIETY	Picea pungsanensis var. intercedens (Nakai) T.Lee	Picea pungsanensis var. intercedens (Nakai) T.B.Lee							ce3cfcc0-6d56-11db-a819-b8a03c50a862													7832191	5284854	PRESERVED_SPECIMEN	KNA	Plant	KWNA200010042008				CC_BY_4_0					2020-01-23T00:19:02.602Z		
889872101	961a5ce1-f843-4e75-86a6-51aa959fc12c		Plantae	Tracheophyta	Pinopsida	Pinales	Pinaceae	Picea	Picea koraiensis	tonaiensis	VARIETY	Picea koraiensis var. tonaiensis (Nakai) T.Lee	Picea koraiensis var. tonaiensis (Nakai) T.B.Lee							ce3cfcc0-6d56-11db-a819-b8a03c50a862													7666687	5284854	PRESERVED_SPECIMEN	KNA	Plant	SNFA200004122022				CC_BY_4_0		Lee Changbok			2020-01-23T00:19:05.015Z		
889872099	961a5ce1-f843-4e75-86a6-51aa959fc12c		Plantae	Tracheophyta	Pinopsida	Pinales	Pinaceae	Picea	Picea koraiensis		SPECIES	Picea koraiensis Nakai	Picea koraiensis Nakai		KR		Gyeonggi-do			ce3cfcc0-6d56-11db-a819-b8a03c50a862									1967-05-06T00:00:00Z	6	5	1967	5284854	5284854	PRESERVED_SPECIMEN	KNA	Plant	SNFA200004122014				CC_BY_4_0		Lee Changbok, Cho Muyeon			2020-01-23T00:19:02.940Z		
889872098	961a5ce1-f843-4e75-86a6-51aa959fc12c		Plantae	Tracheophyta	Pinopsida	Pinales	Pinaceae	Picea	Picea koraiensis		SPECIES	Picea koraiensis Nakai	Picea koraiensis Nakai							ce3cfcc0-6d56-11db-a819-b8a03c50a862									1979-10-04T00:00:00Z	4	10	1979	5284854	5284854	PRESERVED_SPECIMEN	KNA	Plant	SNFA200004122023				CC_BY_4_0		R.Warren & I. H. Burch			2020-01-23T00:19:02.940Z		
889872096	961a5ce1-f843-4e75-86a6-51aa959fc12c		Plantae	Tracheophyta	Pinopsida	Pinales	Pinaceae	Picea	Picea koraiensis	intercedens	VARIETY	Picea pungsanensis var. intercedens (Nakai) T.Lee	Picea pungsanensis var. intercedens (Nakai) T.B.Lee		KR		Gangwon-do			ce3cfcc0-6d56-11db-a819-b8a03c50a862									1967-05-06T00:00:00Z	6	5	1967	7832191	5284854	PRESERVED_SPECIMEN	KNA	Plant	KNKA200405172026		Lee Changbok	1967-05-06T00:00:00Z	CC_BY_4_0		Lee Changbok			2020-01-23T00:19:02.412Z		
889872094	961a5ce1-f843-4e75-86a6-51aa959fc12c		Plantae	Tracheophyta	Pinopsida	Pinales	Pinaceae	Picea	Picea koraiensis		SPECIES	Picea koraiensis Nakai	Picea koraiensis Nakai		KR		Gyeonggi-do			ce3cfcc0-6d56-11db-a819-b8a03c50a862									1967-05-06T00:00:00Z	6	5	1967	5284854	5284854	PRESERVED_SPECIMEN	KNA	Plant	SNFA200004122012				CC_BY_4_0		Lee Changbok, Cho Muyeon			2020-01-23T00:19:04.761Z		
889872092	961a5ce1-f843-4e75-86a6-51aa959fc12c		Plantae	Tracheophyta	Pinopsida	Pinales	Pinaceae	Picea	Picea koraiensis		SPECIES	Picea koraiensis Nakai	Picea koraiensis Nakai		KR		Gyeonggi-do			ce3cfcc0-6d56-11db-a819-b8a03c50a862									1973-09-30T00:00:00Z	30	9	1973	5284854	5284854	PRESERVED_SPECIMEN	KNA	Plant	SNFA200004122020				CC_BY_4_0		Lee Changbok			2020-01-23T00:19:04.718Z		
889872091	961a5ce1-f843-4e75-86a6-51aa959fc12c		Plantae	Tracheophyta	Pinopsida	Pinales	Pinaceae	Picea	Picea koraiensis		SPECIES	Picea koraiensis Nakai	Picea koraiensis Nakai		KR		Gyeonggi-do			ce3cfcc0-6d56-11db-a819-b8a03c50a862									1967-05-06T00:00:00Z	6	5	1967	5284854	5284854	PRESERVED_SPECIMEN	KNA	Plant	SNFA200004122015				CC_BY_4_0		Lee Changbok, Cho Muyeon			2020-01-23T00:19:02.969Z		
889872090	961a5ce1-f843-4e75-86a6-51aa959fc12c		Plantae	Tracheophyta	Pinopsida	Pinales	Pinaceae	Picea	Picea koraiensis		SPECIES	Picea koraiensis Nakai	Picea koraiensis Nakai		KR		Gyeonggi-do			ce3cfcc0-6d56-11db-a819-b8a03c50a862									1973-09-30T00:00:00Z	30	9	1973	5284854	5284854	PRESERVED_SPECIMEN	KNA	Plant	SNFA200004122018				CC_BY_4_0		Lee Changbok, Kim Hyeongbok			2020-01-23T00:19:02.927Z		
889872089	961a5ce1-f843-4e75-86a6-51aa959fc12c		Plantae	Tracheophyta	Pinopsida	Pinales	Pinaceae	Picea	Picea koraiensis		SPECIES	Picea koraiensis Nakai	Picea koraiensis Nakai		KR		Gyeonggi-do			ce3cfcc0-6d56-11db-a819-b8a03c50a862									1973-09-30T00:00:00Z	30	9	1973	5284854	5284854	PRESERVED_SPECIMEN	KNA	Plant	SNFA200004122021				CC_BY_4_0		Lee Changbok, Kim Taehyeok			2020-01-23T00:19:04.761Z		
889872087	961a5ce1-f843-4e75-86a6-51aa959fc12c		Plantae	Tracheophyta	Pinopsida	Pinales	Pinaceae	Picea	Picea koraiensis		SPECIES	Picea koraiensis Nakai	Picea koraiensis Nakai							ce3cfcc0-6d56-11db-a819-b8a03c50a862									1979-10-04T00:00:00Z	4	10	1979	5284854	5284854	PRESERVED_SPECIMEN	KNA	Plant	SNFA200004122024				CC_BY_4_0		R.Warren & I. H. Burch			2020-01-23T00:19:02.969Z		
889872086	961a5ce1-f843-4e75-86a6-51aa959fc12c		Plantae	Tracheophyta	Pinopsida	Pinales	Pinaceae	Picea	Picea koraiensis		SPECIES	Picea pungsanensis Uyeki	Picea pungsanensis Uyeki		KR		Gangwon-do			ce3cfcc0-6d56-11db-a819-b8a03c50a862									1967-05-06T00:00:00Z	6	5	1967	7522222	5284854	PRESERVED_SPECIMEN	KNA	Plant	KNKA200405172025		Lee Changbok	1967-05-06T00:00:00Z	CC_BY_4_0		Lee Changbok			2020-01-23T00:19:04.515Z		
889872085	961a5ce1-f843-4e75-86a6-51aa959fc12c		Plantae	Tracheophyta	Pinopsida	Pinales	Pinaceae	Picea	Picea koraiensis	tonaiensis	VARIETY	Picea koraiensis var. tonaiensis (Nakai) T.Lee	Picea koraiensis var. tonaiensis (Nakai) T.B.Lee							ce3cfcc0-6d56-11db-a819-b8a03c50a862													7666687	5284854	PRESERVED_SPECIMEN	KNA	Plant	KWNA200010042007				CC_BY_4_0					2020-01-23T00:19:04.708Z		
889872084	961a5ce1-f843-4e75-86a6-51aa959fc12c		Plantae	Tracheophyta	Pinopsida	Pinales	Pinaceae	Picea	Picea koraiensis		SPECIES	Picea koraiensis Nakai	Picea koraiensis Nakai		KR		Gyeonggi-do			ce3cfcc0-6d56-11db-a819-b8a03c50a862													5284854	5284854	PRESERVED_SPECIMEN	KNA	Plant	KWNA200102202010		Lee Ucheol	2001-02-20T00:00:00Z	CC_BY_4_0		Mi Sang			2020-01-23T00:19:04.413Z		
889872083	961a5ce1-f843-4e75-86a6-51aa959fc12c		Plantae	Tracheophyta	Pinopsida	Pinales	Pinaceae	Picea	Picea koraiensis		SPECIES	Picea koraiensis Nakai	Picea koraiensis Nakai							ce3cfcc0-6d56-11db-a819-b8a03c50a862													5284854	5284854	PRESERVED_SPECIMEN	KNA	Plant	KWNA200010042006				CC_BY_4_0					2020-01-23T00:19:04.445Z		
889872082	961a5ce1-f843-4e75-86a6-51aa959fc12c		Plantae	Tracheophyta	Pinopsida	Pinales	Pinaceae	Picea	Picea koraiensis		SPECIES	Picea koraiensis Nakai	Picea koraiensis Nakai		KR		Gangwon-do			ce3cfcc0-6d56-11db-a819-b8a03c50a862									2000-11-02T00:00:00Z	2	11	2000	5284854	5284854	PRESERVED_SPECIMEN	KNA	Plant	KNKA200405152001		Lee,Chan-U	2000-11-02T00:00:00Z	CC_BY_4_0		Park,Soo-Hyun;Suh,Gang-Uk;Gwon,Sun-Gyo			2020-01-23T00:19:02.448Z		
889872081	961a5ce1-f843-4e75-86a6-51aa959fc12c		Plantae	Tracheophyta	Pinopsida	Pinales	Pinaceae	Picea	Picea koraiensis		SPECIES	Picea koraiensis Nakai	Picea koraiensis Nakai							ce3cfcc0-6d56-11db-a819-b8a03c50a862													5284854	5284854	PRESERVED_SPECIMEN	KNA	Plant	SNFA200004122016				CC_BY_4_0		Lee Changbok			2020-01-23T00:19:03.202Z		
889872080	961a5ce1-f843-4e75-86a6-51aa959fc12c		Plantae	Tracheophyta	Pinopsida	Pinales	Pinaceae	Picea	Picea koraiensis		SPECIES	Picea koraiensis Nakai	Picea koraiensis Nakai							ce3cfcc0-6d56-11db-a819-b8a03c50a862													5284854	5284854	PRESERVED_SPECIMEN	KNA	Plant	KWNA200102202009		Lee Ucheol	2001-02-20T00:00:00Z	CC_BY_4_0		Mi Sang			2020-01-23T00:19:02.615Z		
889872079	961a5ce1-f843-4e75-86a6-51aa959fc12c		Plantae	Tracheophyta	Pinopsida	Pinales	Pinaceae	Picea	Picea koraiensis		SPECIES	Picea koraiensis Nakai	Picea koraiensis Nakai							ce3cfcc0-6d56-11db-a819-b8a03c50a862									1979-10-04T00:00:00Z	4	10	1979	5284854	5284854	PRESERVED_SPECIMEN	KNA	Plant	SNFA200004122025				CC_BY_4_0		R.Warren & I. H. Burch			2020-01-23T00:19:03.202Z		
889872078	961a5ce1-f843-4e75-86a6-51aa959fc12c		Plantae	Tracheophyta	Pinopsida	Pinales	Pinaceae	Picea	Picea koraiensis		SPECIES	Picea koraiensis Nakai	Picea koraiensis Nakai		KR		Seoul			ce3cfcc0-6d56-11db-a819-b8a03c50a862									1966-11-01T00:00:00Z	1	11	1966	5284854	5284854	PRESERVED_SPECIMEN	KNA	Plant	SKKA200006161048				CC_BY_4_0		Jeong Taehyeon			2020-01-23T00:19:02.926Z		
889872077	961a5ce1-f843-4e75-86a6-51aa959fc12c		Plantae	Tracheophyta	Pinopsida	Pinales	Pinaceae	Picea	Picea koraiensis		SPECIES	Picea koraiensis Nakai	Picea koraiensis Nakai		KR		Seoul			ce3cfcc0-6d56-11db-a819-b8a03c50a862									1954-08-15T00:00:00Z	15	8	1954	5284854	5284854	PRESERVED_SPECIMEN	KNA	Plant	KNHA200005032042				CC_BY_4_0		Kim Iman			2020-01-23T00:19:04.140Z		
889872076	961a5ce1-f843-4e75-86a6-51aa959fc12c		Plantae	Tracheophyta	Pinopsida	Pinales	Pinaceae	Picea	Picea koraiensis		SPECIES	Picea koraiensis Nakai	Picea koraiensis Nakai		KR		Gyeonggi-do			ce3cfcc0-6d56-11db-a819-b8a03c50a862									1967-05-06T00:00:00Z	6	5	1967	5284854	5284854	PRESERVED_SPECIMEN	KNA	Plant	KNKA200405172023		Cho Muyun	1967-05-06T00:00:00Z	CC_BY_4_0		Park Suhyeon,Jeon Uisik			2020-01-23T00:19:04.207Z		
889872075	961a5ce1-f843-4e75-86a6-51aa959fc12c		Plantae	Tracheophyta	Pinopsida	Pinales	Pinaceae	Picea	Picea koraiensis		SPECIES	Picea koraiensis Nakai	Picea koraiensis Nakai							ce3cfcc0-6d56-11db-a819-b8a03c50a862													5284854	5284854	PRESERVED_SPECIMEN	KNA	Plant	SNFA200004122019				CC_BY_4_0		Lee Changbok			2020-01-23T00:19:04.715Z		
889872074	961a5ce1-f843-4e75-86a6-51aa959fc12c		Plantae	Tracheophyta	Pinopsida	Pinales	Pinaceae	Picea	Picea koraiensis		SPECIES	Picea koraiensis Nakai	Picea koraiensis Nakai		KR		Seoul			ce3cfcc0-6d56-11db-a819-b8a03c50a862									1981-08-15T00:00:00Z	15	8	1981	5284854	5284854	PRESERVED_SPECIMEN	KNA	Plant	KNHA200005032046				CC_BY_4_0		Kim Iman			2020-01-23T00:19:02.434Z		
889872073	961a5ce1-f843-4e75-86a6-51aa959fc12c		Plantae	Tracheophyta	Pinopsida	Pinales	Pinaceae	Picea	Picea koraiensis		SPECIES	Picea koraiensis Nakai	Picea koraiensis Nakai							ce3cfcc0-6d56-11db-a819-b8a03c50a862									2000-09-02T00:00:00Z	2	9	2000	5284854	5284854	PRESERVED_SPECIMEN	KNA	Plant	KNKA200104251033		Park Gwangu	2000-09-02T00:00:00Z	CC_BY_4_0		Park Gwangu			2020-01-23T00:19:02.555Z		
889872072	961a5ce1-f843-4e75-86a6-51aa959fc12c		Plantae	Tracheophyta	Pinopsida	Pinales	Pinaceae	Picea	Picea koraiensis		SPECIES	Picea koraiensis Nakai	Picea koraiensis Nakai		KR		Seoul			ce3cfcc0-6d56-11db-a819-b8a03c50a862									1954-08-15T00:00:00Z	15	8	1954	5284854	5284854	PRESERVED_SPECIMEN	KNA	Plant	KNHA200005032043				CC_BY_4_0		Kim Iman			2020-01-23T00:19:04.422Z		
889872071	961a5ce1-f843-4e75-86a6-51aa959fc12c		Plantae	Tracheophyta	Pinopsida	Pinales	Pinaceae	Picea	Picea koraiensis		SPECIES	Picea koraiensis Nakai	Picea koraiensis Nakai		KR		Gyeongsangnam-do			ce3cfcc0-6d56-11db-a819-b8a03c50a862									1959-08-10T00:00:00Z	10	8	1959	5284854	5284854	PRESERVED_SPECIMEN	KNA	Plant	SNFA200004122013				CC_BY_4_0		Lee Changbok, Son Seongho			2020-01-23T00:19:05.015Z		
889872069	961a5ce1-f843-4e75-86a6-51aa959fc12c		Plantae	Tracheophyta	Pinopsida	Pinales	Pinaceae	Picea	Picea koraiensis		SPECIES	Picea koraiensis Nakai	Picea koraiensis Nakai		KR		Gyeonggi-do			ce3cfcc0-6d56-11db-a819-b8a03c50a862									1956-06-13T00:00:00Z	13	6	1956	5284854	5284854	PRESERVED_SPECIMEN	KNA	Plant	SKKA200006162030				CC_BY_4_0		Jeong Taehyeon			2020-01-23T00:19:02.700Z		
889872068	961a5ce1-f843-4e75-86a6-51aa959fc12c		Plantae	Tracheophyta	Pinopsida	Pinales	Pinaceae	Picea	Picea koraiensis		SPECIES	Picea koraiensis Nakai	Picea koraiensis Nakai		KR		Seoul			ce3cfcc0-6d56-11db-a819-b8a03c50a862									1981-08-15T00:00:00Z	15	8	1981	5284854	5284854	PRESERVED_SPECIMEN	KNA	Plant	KNHA200005032044				CC_BY_4_0		Kim Iman			2020-01-23T00:19:02.314Z		
889872058	961a5ce1-f843-4e75-86a6-51aa959fc12c		Plantae	Tracheophyta	Pinopsida	Pinales	Pinaceae	Picea	Picea koraiensis		SPECIES	Picea koraiensis Nakai	Picea koraiensis Nakai							ce3cfcc0-6d56-11db-a819-b8a03c50a862									2000-09-02T00:00:00Z	2	9	2000	5284854	5284854	PRESERVED_SPECIMEN	KNA	Plant	KNKA200104252005		Park Gwangu	2000-09-02T00:00:00Z	CC_BY_4_0		Park Gwangu			2020-01-23T00:19:02.555Z		
889872056	961a5ce1-f843-4e75-86a6-51aa959fc12c		Plantae	Tracheophyta	Pinopsida	Pinales	Pinaceae	Picea	Picea koraiensis		SPECIES	Picea koraiensis Nakai	Picea koraiensis Nakai		KR		Seoul			ce3cfcc0-6d56-11db-a819-b8a03c50a862									1981-01-01T00:00:00Z	1	1	1981	5284854	5284854	PRESERVED_SPECIMEN	KNA	Plant	KNKA200004122002		Kim Iman	1981-01-01T00:00:00Z	CC_BY_4_0		Kim Iman			2020-01-23T00:19:04.189Z		
889872052	961a5ce1-f843-4e75-86a6-51aa959fc12c		Plantae	Tracheophyta	Pinopsida	Pinales	Pinaceae	Picea	Picea koraiensis		SPECIES	Picea koraiensis Nakai	Picea koraiensis Nakai		KR		Seoul			ce3cfcc0-6d56-11db-a819-b8a03c50a862									1981-08-15T00:00:00Z	15	8	1981	5284854	5284854	PRESERVED_SPECIMEN	KNA	Plant	KNHA200005032045				CC_BY_4_0		Kim Iman			2020-01-23T00:19:02.351Z		
889872048	961a5ce1-f843-4e75-86a6-51aa959fc12c		Plantae	Tracheophyta	Pinopsida	Pinales	Pinaceae	Picea	Picea koraiensis		SPECIES	Picea koraiensis Nakai	Picea koraiensis Nakai		KR		Gyeonggi-do			ce3cfcc0-6d56-11db-a819-b8a03c50a862									1967-05-06T00:00:00Z	6	5	1967	5284854	5284854	PRESERVED_SPECIMEN	KNA	Plant	SNFA200004122017				CC_BY_4_0		Lee Changbok, Cho Muyeon			2020-01-23T00:19:02.954Z		
856903746	c5da77b7-7423-49a4-a379-f423ea0f07b8	20534.0000	Plantae	Tracheophyta	Pinopsida	Pinales	Pinaceae	Picea	Picea koraiensis		SPECIES	Picea koraiensis Nakai	Picea koraiensis		CA	UBC Botanical Garden	British Columbia		3	b542788f-0dc2-4a2b-b652-fceced449591	49.25408	-123.25081	800.0										5284854	5284854	LIVING_SPECIMEN	University of British Columbia	UBCBG	20534.0000	Peking Arb.			CC0_1_0	University of British Columbia				2019-11-13T19:59:33.774Z		
735577164	dfcb0ee8-614f-11e2-897a-00145eb45e9a		Plantae	Tracheophyta	Pinopsida	Pinales	Pinaceae	Picea	Picea koraiensis		SPECIES	Picea pungsanensis Uyeki ex Nakai	Picea pungsaniensis Uyeki ex Nakai							021121c0-f040-11d8-b22f-b8a03c50a862													5284856	5284854	LIVING_SPECIMEN	FREA	Forstamt Freiburg-Guenterstal	228473				CC_BY_4_0					2019-11-22T19:52:44.723Z		TAXON_MATCH_FUZZY
735576981	dfcb0ee8-614f-11e2-897a-00145eb45e9a		Plantae	Tracheophyta	Pinopsida	Pinales	Pinaceae	Picea	Picea koraiensis		SPECIES	Picea koraiensis Nakai	Picea koraiensis Nakai							021121c0-f040-11d8-b22f-b8a03c50a862													5284854	5284854	LIVING_SPECIMEN	FREA	Forstamt Freiburg-Guenterstal	217993				CC_BY_4_0					2019-11-22T19:52:44.006Z		
735576968	dfcb0ee8-614f-11e2-897a-00145eb45e9a		Plantae	Tracheophyta	Pinopsida	Pinales	Pinaceae	Picea	Picea koraiensis		SPECIES	Picea koraiensis Nakai	Picea koraiensis Nakai							021121c0-f040-11d8-b22f-b8a03c50a862													5284854	5284854	LIVING_SPECIMEN	BG-GUN2	Experimental Garden Guenterstal	217587				CC_BY_4_0					2019-11-22T19:52:44.084Z		
735576949	dfcb0ee8-614f-11e2-897a-00145eb45e9a		Plantae	Tracheophyta	Pinopsida	Pinales	Pinaceae	Picea	Picea koraiensis		SPECIES	Picea koraiensis Nakai	Picea koraiensis Nakai							021121c0-f040-11d8-b22f-b8a03c50a862													5284854	5284854	LIVING_SPECIMEN	THARF	Forest Botanical Garden Tharandt	225503				CC_BY_4_0					2019-11-22T19:52:44.750Z		
695163851	b0cb000d-9381-4881-98d9-1594acf59c89		Plantae	Tracheophyta	Pinopsida	Pinales	Pinaceae	Picea	Picea koraiensis		SPECIES	Picea koraiensis Nakai	Picea koraiensis Nakai							37e82b90-1e21-11de-ab90-f72009d2669b													5284854	5284854	PRESERVED_SPECIMEN	RMCA-Metafro-Infosys	Xylarium	S09429				CC_BY_4_0					2019-11-13T20:18:23.201Z		
685383441	dfcb0ee8-614f-11e2-897a-00145eb45e9a		Plantae	Tracheophyta	Pinopsida	Pinales	Pinaceae	Picea	Picea koraiensis		SPECIES	Picea intercedens Nakai	Picea intercedens Nak. (1941)							021121c0-f040-11d8-b22f-b8a03c50a862													5284858	5284854	LIVING_SPECIMEN	DR	Botanischer Garten TU Dresden	415817				CC_BY_4_0					2019-11-22T19:52:44.691Z		
574828540	7adf20e0-c955-11de-95c0-b8a03c50a862	http://data.rbge.org.uk/living/19810575	Plantae	Tracheophyta	Pinopsida	Pinales	Pinaceae	Picea	Picea koraiensis		SPECIES	Picea koraiensis Nakai	Picea koraiensis Nakai		CN	"""Manchuria"""	Heilongjiang			98e934b0-5f31-11de-b67e-b8a03c50a862													5284854	5284854	LIVING_SPECIMEN	E	E	19810575				CC_BY_NC_4_0					2019-11-13T23:02:39.906Z		
574818274	7adf20e0-c955-11de-95c0-b8a03c50a862	http://data.rbge.org.uk/living/19810564	Plantae	Tracheophyta	Pinopsida	Pinales	Pinaceae	Picea	Picea koraiensis		SPECIES	Picea koraiensis Nakai	Picea koraiensis Nakai		CN		Jilin			98e934b0-5f31-11de-b67e-b8a03c50a862													5284854	5284854	LIVING_SPECIMEN	E	E	19810564				CC_BY_NC_4_0					2019-11-13T23:02:38.378Z		
574806609	7adf20e0-c955-11de-95c0-b8a03c50a862	http://data.rbge.org.uk/living/19921086	Plantae	Tracheophyta	Pinopsida	Pinales	Pinaceae	Picea	Picea koraiensis		SPECIES	Picea koraiensis Nakai	Picea koraiensis Nakai		CN	"""Manchuria"""	Nei Mongol (Inner Mongolia) Aut. Reg.			98e934b0-5f31-11de-b67e-b8a03c50a862	47.0	121.0			375.0	25.0							5284854	5284854	LIVING_SPECIMEN	E	E	19921086				CC_BY_NC_4_0					2019-11-13T23:02:38.363Z		GEODETIC_DATUM_ASSUMED_WGS84
574806164	7adf20e0-c955-11de-95c0-b8a03c50a862	http://data.rbge.org.uk/living/19731141	Plantae	Tracheophyta	Pinopsida	Pinales	Pinaceae	Picea	Picea koraiensis		SPECIES	Picea koraiensis Nakai	Picea koraiensis Nakai							98e934b0-5f31-11de-b67e-b8a03c50a862													5284854	5284854	LIVING_SPECIMEN	E	E	19731141				CC_BY_NC_4_0					2019-11-13T23:02:39.759Z		COUNTRY_INVALID
574732378	7adf20e0-c955-11de-95c0-b8a03c50a862	http://data.rbge.org.uk/living/19793321	Plantae	Tracheophyta	Pinopsida	Pinales	Pinaceae	Picea	Picea koraiensis		SPECIES	Picea koraiensis Nakai	Picea koraiensis Nakai		CN		Jilin			98e934b0-5f31-11de-b67e-b8a03c50a862	41.683333	125.9			402.0	0.0							5284854	5284854	LIVING_SPECIMEN	E	E	19793321				CC_BY_NC_4_0					2019-11-13T23:02:37.790Z		GEODETIC_DATUM_ASSUMED_WGS84
574678738	7adf20e0-c955-11de-95c0-b8a03c50a862	http://data.rbge.org.uk/living/19810583	Plantae	Tracheophyta	Pinopsida	Pinales	Pinaceae	Picea	Picea koraiensis		SPECIES	Picea koraiensis Nakai	Picea koraiensis Nakai		KP					98e934b0-5f31-11de-b67e-b8a03c50a862													5284854	5284854	LIVING_SPECIMEN	E	E	19810583				CC_BY_NC_4_0					2019-11-13T23:02:37.405Z		
574673950	7adf20e0-c955-11de-95c0-b8a03c50a862	http://data.rbge.org.uk/living/19921092	Plantae	Tracheophyta	Pinopsida	Pinales	Pinaceae	Picea	Picea koraiensis		SPECIES	Picea koraiensis Nakai	Picea koraiensis Nakai		CN	"""Manchuria"""	Nei Mongol (Inner Mongolia) Aut. Reg.			98e934b0-5f31-11de-b67e-b8a03c50a862	47.0	121.0			375.0	25.0							5284854	5284854	LIVING_SPECIMEN	E	E	19921092				CC_BY_NC_4_0					2019-11-13T23:02:37.313Z		GEODETIC_DATUM_ASSUMED_WGS84
574669440	7adf20e0-c955-11de-95c0-b8a03c50a862	http://data.rbge.org.uk/living/19951325	Plantae	Tracheophyta	Pinopsida	Pinales	Pinaceae	Picea	Picea koraiensis		SPECIES	Picea koraiensis Nakai	Picea koraiensis Nakai		CN		Heilongjiang			98e934b0-5f31-11de-b67e-b8a03c50a862	47.0	121.0			400.0	50.0							5284854	5284854	LIVING_SPECIMEN	E	E	19951325	SC/CAF86/5			CC_BY_NC_4_0		Pan, C.-K.			2019-11-13T23:02:37.326Z		GEODETIC_DATUM_ASSUMED_WGS84
574655913	7adf20e0-c955-11de-95c0-b8a03c50a862	http://data.rbge.org.uk/living/19881521	Plantae	Tracheophyta	Pinopsida	Pinales	Pinaceae	Picea	Picea koraiensis		SPECIES	Picea koraiensis Nakai	Picea koraiensis Nakai		CN					98e934b0-5f31-11de-b67e-b8a03c50a862													5284854	5284854	LIVING_SPECIMEN	E	E	19881521				CC_BY_NC_4_0					2019-11-13T23:02:37.223Z		
43915302	84c6cb56-f762-11e1-a439-00145eb45e9a	urn:catalog:KVL:Arboretum:2000,0049	Plantae	Tracheophyta	Pinopsida	Pinales	Pinaceae	Picea	Picea koraiensis		SPECIES	Picea koraiensis Nakai	Picea koraiensis			Copenhagen University's Arboretum				f63e13b5-584a-42af-9d68-e21e0f24b073													5284854	5284854	LIVING_SPECIMEN	KVL	Arboretum	2000,0049				CC_BY_4_0					2019-11-14T00:42:09.802Z		
43914673	84c6cb56-f762-11e1-a439-00145eb45e9a	urn:catalog:KVL:Arboretum:1988,0544	Plantae	Tracheophyta	Pinopsida	Pinales	Pinaceae	Picea	Picea koraiensis		SPECIES	Picea koraiensis Nakai	Picea koraiensis			Copenhagen University's Arboretum				f63e13b5-584a-42af-9d68-e21e0f24b073													5284854	5284854	LIVING_SPECIMEN	KVL	Arboretum	1988,0544				CC_BY_4_0					2019-11-14T00:42:09.800Z		
43914324	84c6cb56-f762-11e1-a439-00145eb45e9a	urn:catalog:KVL:Arboretum:1982,0465	Plantae	Tracheophyta	Pinopsida	Pinales	Pinaceae	Picea	Picea koraiensis		SPECIES	Picea koraiensis Nakai	Picea koraiensis			Copenhagen University's Arboretum				f63e13b5-584a-42af-9d68-e21e0f24b073													5284854	5284854	LIVING_SPECIMEN	KVL	Arboretum	1982,0465				CC_BY_4_0					2019-11-14T00:42:09.821Z		
43914224	84c6cb56-f762-11e1-a439-00145eb45e9a	urn:catalog:KVL:Arboretum:1980,0148	Plantae	Tracheophyta	Pinopsida	Pinales	Pinaceae	Picea	Picea koraiensis		SPECIES	Picea koraiensis Nakai	Picea koraiensis			Copenhagen University's Arboretum				f63e13b5-584a-42af-9d68-e21e0f24b073													5284854	5284854	LIVING_SPECIMEN	KVL	Arboretum	1980,0148				CC_BY_4_0					2019-11-14T00:42:09.795Z		
43914077	84c6cb56-f762-11e1-a439-00145eb45e9a	urn:catalog:KVL:Arboretum:1976,0346	Plantae	Tracheophyta	Pinopsida	Pinales	Pinaceae	Picea	Picea koraiensis		SPECIES	Picea koraiensis Nakai	Picea koraiensis			Copenhagen University's Arboretum				f63e13b5-584a-42af-9d68-e21e0f24b073													5284854	5284854	LIVING_SPECIMEN	KVL	Arboretum	1976,0346				CC_BY_4_0					2019-11-14T00:42:09.535Z		
41389926	85802736-f762-11e1-a439-00145eb45e9a		Plantae	Tracheophyta	Pinopsida	Pinales	Pinaceae	Picea	Picea koraiensis		SPECIES	Picea koraiensis Nakai	Picea koraiensis		CN					83e105d0-1e21-11de-85d0-fe7fa1df8ee2	41.0	127.0			332.0								5284854	5284854	UNKNOWN	USA151	USA151	1019477				CC_BY_4_0					2019-11-14T00:51:52.202Z		GEODETIC_DATUM_ASSUMED_WGS84;COUNTRY_COORDINATE_MISMATCH;BASIS_OF_RECORD_INVALID
